"Abbeville , LA"
"Abbeville , SC"
"Aberdeen , MD"
"Aberdeen , MS"
"Aberdeen , SD"
"Aberdeen , WA"
"Aberdeen, NC"
"Abilene , KS"
"Abilene , TX"
"Abingdon, VA"
"Absecon , NJ"
"Acworth , GA"
"Ada , OK"
"Ada, OH"
"Adamsville , AL"
"Addison, IL"
"Addison, TX"
"Adel , GA"
"Adel , IA"
"Adelanto , CA"
"Adrian , MI"
"Agawam , MA"
"Agoura Hills , CA"
"Aiken , SC"
"Airmont, NY"
"Airway Heights , WA"
"Akron , OH"
"Alabaster , AL"
"Alachua , FL"
"Alameda , CA"
"Alamo , TX"
"Alamo Heights , TX"
"Alamogordo , NM"
"Alamosa , CO"
"Albany , CA"
"Albany , GA"
"Albany , NY"
"Albany , OR"
"Albemarle , NC"
"Albert Lea , MN"
"Albertville , AL"
"Albertville , MN"
"Albion , MI"
"Albion, NY"
"Albuquerque , NM"
"Alcoa , TN"
"Alexander City , AL"
"Alexandria , IN"
"Alexandria , KY"
"Alexandria , LA"
"Alexandria , MN"
"Alexandria , VA"
"Alfred, NY"
"Algona , IA"
"Algonac , MI"
"Algonquin, IL"
"Alhambra , CA"
"Alice , TX"
"Aliquippa , PA"
"Aliso Viejo , CA"
"Allegan , MI"
"Allen , TX"
"Allen Park , MI"
"Allendale, NJ"
"Allentown , PA"
"Alliance , NE"
"Alliance , OH"
"Allouez, WI"
"Alma , AR"
"Alma , MI"
"Alpena , MI"
"Alpharetta , GA"
"Alpine , TX"
"Alpine , UT"
"Alsip, IL"
"Altamonte Springs , FL"
"Alton , IL"
"Alton , TX"
"Altoona , IA"
"Altoona , PA"
"Altoona , WI"
"Altus , OK"
"Alva , OK"
"Alvin , TX"
"Amarillo , TX"
"Ambler, PA"
"Ambridge, PA"
"American Canyon , CA"
"American Fork , UT"
"Americus , GA"
"Ames , IA"
"Amherst , OH"
"Amite City, LA"
"Amityville, NY"
"Ammon , ID"
"Amory , MS"
"Amsterdam , NY"
"Anaconda, MT"
"Anacortes , WA"
"Anadarko , OK"
"Anaheim , CA"
"Anamosa , IA"
"Anchorage, AK"
"Andalusia , AL"
"Anderson , CA"
"Anderson , IN"
"Anderson , SC"
"Andover , KS"
"Andover , MN"
"Andrews , TX"
"Angier, NC"
"Angleton , TX"
"Angola , IN"
"Ankeny , IA"
"Ann Arbor , MI"
"Anna , IL"
"Annapolis , MD"
"Anniston , AL"
"Anoka , MN"
"Ansonia , CT"
"Anthony, TX"
"Antigo , WI"
"Antioch , CA"
"Antioch, IL"
"Apache Junction , AZ"
"Apex, NC"
"Apopka , FL"
"Apple Valley , MN"
"Apple Valley, CA"
"Appleton , WI"
"Arab , AL"
"Aransas Pass , TX"
"Arcadia , CA"
"Arcadia , FL"
"Arcata , CA"
"Archbald, PA"
"Archbold, OH"
"Archdale , NC"
"Arden Hills , MN"
"Ardmore , OK"
"Ardsley, NY"
"Arkadelphia , AR"
"Arkansas City , KS"
"Arlington , TX"
"Arlington , WA"
"Arlington Heights, IL"
"Arlington, VA"
"Arnold , MO"
"Arnold , PA"
"Arroyo Grande , CA"
"Artesia , CA"
"Artesia , NM"
"Arvada , CO"
"Arvin , CA"
"Asbury Park , NJ"
"Ashdown , AR"
"Asheboro , NC"
"Asheville , NC"
"Ashland , KY"
"Ashland , OH"
"Ashland , OR"
"Ashland , WI"
"Ashland City, TN"
"Ashland, VA"
"Ashtabula , OH"
"Ashwaubenon, WI"
"Aspen , CO"
"Astoria , OR"
"Atascadero , CA"
"Atchison , KS"
"Athens , AL"
"Athens , OH"
"Athens , TN"
"Athens , TX"
"Athens, GA"
"Atherton, CA"
"Atlanta , GA"
"Atlanta , TX"
"Atlantic , IA"
"Atlantic Beach , FL"
"Atlantic City , NJ"
"Atlantic Highlands, NJ"
"Atmore , AL"
"Atoka, TN"
"Attalla , AL"
"Attleboro , MA"
"Atwater , CA"
"Auburn , AL"
"Auburn , CA"
"Auburn , GA"
"Auburn , IL"
"Auburn , IN"
"Auburn , ME"
"Auburn , NY"
"Auburn , WA"
"Auburn Hills , MI"
"Auburndale , FL"
"Audubon, NJ"
"Augusta , KS"
"Augusta , ME"
"Augusta, GA"
"Aurora , CO"
"Aurora , IL"
"Aurora , MO"
"Aurora , OH"
"Austell , GA"
"Austin , MN"
"Austin , TX"
"Austin, IN"
"Avalon, PA"
"Avenal , CA"
"Aventura , FL"
"Avon , OH"
"Avon Lake , OH"
"Avon Park , FL"
"Avon, CO"
"Avon, IN"
"Avondale , AZ"
"Ayden, NC"
"Azle , TX"
"Aztec , NM"
"Azusa , CA"
"Babylon, NY"
"Bainbridge , GA"
"Bainbridge Island , WA"
"Baker , LA"
"Baker City , OR"
"Bakersfield , CA"
"Balch Springs , TX"
"Baldwin City , KS"
"Baldwin Park , CA"
"Baldwin, PA"
"Baldwinsville, NY"
"Ballston Spa, NY"
"Ballwin , MO"
"Baltimore , MD"
"Bangor , ME"
"Bangor, PA"
"Banning , CA"
"Baraboo , WI"
"Barberton , OH"
"Bardstown , KY"
"Barling , AR"
"Barnesville , GA"
"Barnstable Town , MA"
"Barnwell , SC"
"Barre , VT"
"Barrington Hills, IL"
"Barrington, IL"
"Barrington, NJ"
"Barstow , CA"
"Bartlesville , OK"
"Bartlett , TN"
"Bartlett, IL"
"Bartonville, IL"
"Bartow , FL"
"Bastrop , LA"
"Bastrop , TX"
"Batavia , IL"
"Batavia , NY"
"Batesburg-Leesville, SC"
"Batesville , AR"
"Batesville , IN"
"Batesville , MS"
"Bath , ME"
"Bath, NY"
"Baton Rouge , LA"
"Battle Creek , MI"
"Battle Ground , WA"
"Baxley , GA"
"Baxter , MN"
"Bay City , MI"
"Bay City , TX"
"Bay Harbor Islands, FL"
"Bay Minette , AL"
"Bay St. Louis , MS"
"Bay Village , OH"
"Bayonne , NJ"
"Baytown , TX"
"Bayville, NY"
"Beach Park, IL"
"Beachwood , OH"
"Beachwood, NJ"
"Beacon , NY"
"Beardstown , IL"
"Beatrice , NE"
"Beaufort , SC"
"Beaumont , CA"
"Beaumont , TX"
"Beaver Dam , WI"
"Beaver Falls , PA"
"Beaver, PA"
"Beavercreek , OH"
"Beaverton , OR"
"Beckley , WV"
"Bedford , IN"
"Bedford , OH"
"Bedford , TX"
"Bedford , VA"
"Bedford Heights , OH"
"Beebe , AR"
"Beech Grove , IN"
"Beeville , TX"
"Bel Air, MD"
"Bel Aire , KS"
"Belding , MI"
"Belen , NM"
"Belfast , ME"
"Belgrade , MT"
"Bell , CA"
"Bell Gardens , CA"
"Bella Vista, AR"
"Bellaire , TX"
"Bellaire, OH"
"Bellbrook , OH"
"Belle Fourche , SD"
"Belle Glade , FL"
"Belle Isle , FL"
"Belle Plaine , MN"
"Bellefontaine , OH"
"Bellefontaine Neighbors , MO"
"Bellefonte, PA"
"Belleview , FL"
"Belleville , IL"
"Bellevue , KY"
"Bellevue , NE"
"Bellevue , OH"
"Bellevue , WA"
"Bellevue, PA"
"Bellevue, WI"
"Bellflower , CA"
"Bellingham , WA"
"Bellmawr, NJ"
"Bellmead , TX"
"Bellville , TX"
"Bellwood, IL"
"Belmar, NJ"
"Belmont , CA"
"Belmont , NC"
"Beloit , WI"
"Belpre , OH"
"Belton , MO"
"Belton , SC"
"Belton , TX"
"Belvidere , IL"
"Bemidji , MN"
"Benbrook , TX"
"Bend , OR"
"Benicia , CA"
"Bennettsville , SC"
"Bensenville, IL"
"Benson , AZ"
"Benton , AR"
"Benton , IL"
"Benton , KY"
"Benton Harbor , MI"
"Bentonville , AR"
"Berea , KY"
"Berea , OH"
"Bergenfield, NJ"
"Berkeley , CA"
"Berkeley , MO"
"Berkeley, IL"
"Berkley , MI"
"Berlin , NH"
"Berlin , WI"
"Berlin, NJ"
"Bernalillo, NM"
"Bernardsville, NJ"
"Berne , IN"
"Berryville , AR"
"Berthoud, CO"
"Berwick, PA"
"Berwyn , IL"
"Bessemer , AL"
"Bessemer City , NC"
"Bethalto, IL"
"Bethany , OK"
"Bethel , AK"
"Bethel Park, PA"
"Bethlehem , PA"
"Bettendorf , IA"
"Beverly , MA"
"Beverly Hills , CA"
"Beverly Hills, MI"
"Bexley , OH"
"Biddeford , ME"
"Big Bear Lake , CA"
"Big Lake , MN"
"Big Rapids , MI"
"Big Spring , TX"
"Big Stone Gap, VA"
"Billings , MT"
"Biloxi , MS"
"Binghamton , NY"
"Birdsboro, PA"
"Birmingham , AL"
"Birmingham , MI"
"Bisbee , AZ"
"Bismarck , ND"
"Bixby , OK"
"Black Jack , MO"
"Black Mountain, NC"
"Blackfoot , ID"
"Blacksburg, VA"
"Blackwell , OK"
"Bladensburg, MD"
"Blaine , MN"
"Blaine , WA"
"Blair , NE"
"Blakely , GA"
"Blakely, PA"
"Blanchard , OK"
"Blanchester, OH"
"Bloomfield , NM"
"Bloomingdale, IL"
"Bloomingdale, NJ"
"Bloomington , IL"
"Bloomington , IN"
"Bloomington , MN"
"Bloomsburg, PA"
"Blue Ash , OH"
"Blue Island , IL"
"Blue Springs , MO"
"Bluefield , WV"
"Bluefield, VA"
"Bluffdale , UT"
"Bluffton , IN"
"Bluffton, SC"
"Blythe , CA"
"Blytheville , AR"
"Boaz , AL"
"Boca Raton , FL"
"Boerne , TX"
"Bogalusa , LA"
"Bogota, NJ"
"Boiling Spring Lakes , NC"
"Boise City , ID"
"Bolingbrook, IL"
"Bolivar , MO"
"Bolivar , TN"
"Bonham , TX"
"Bonita Springs , FL"
"Bonne Terre , MO"
"Bonner Springs , KS"
"Bonney Lake , WA"
"Boone , IA"
"Boone, NC"
"Booneville , MS"
"Boonton, NJ"
"Boonville , IN"
"Boonville , MO"
"Borger , TX"
"Bossier City , LA"
"Boston , MA"
"Bothell , WA"
"Boulder , CO"
"Boulder City , NV"
"Bound Brook, NJ"
"Bountiful , UT"
"Bourbonnais, IL"
"Bowie , MD"
"Bowie , TX"
"Bowling Green , KY"
"Bowling Green , MO"
"Bowling Green , OH"
"Boynton Beach , FL"
"Bozeman , MT"
"Bradenton , FL"
"Bradford , PA"
"Bradley Beach, NJ"
"Bradley, IL"
"Brady , TX"
"Braidwood , IL"
"Brainerd , MN"
"Brandon , MS"
"Brandon , SD"
"Branson , MO"
"Braselton, GA"
"Brawley , CA"
"Brazil , IN"
"Brea , CA"
"Breaux Bridge , LA"
"Breckenridge , TX"
"Breckenridge Hills , MO"
"Brecksville , OH"
"Breese , IL"
"Bremen , GA"
"Bremen, IN"
"Bremerton , WA"
"Brenham , TX"
"Brentwood , CA"
"Brentwood , MO"
"Brentwood , TN"
"Brentwood, PA"
"Brevard , NC"
"Brewer , ME"
"Brewton , AL"
"Briarcliff Manor, NY"
"Bridge City , TX"
"Bridgeport , CT"
"Bridgeport , TX"
"Bridgeport , WV"
"Bridgeport, PA"
"Bridgeton , MO"
"Bridgeton , NJ"
"Bridgeview, IL"
"Bridgeville, PA"
"Bridgewater, VA"
"Brielle, NJ"
"Brier , WA"
"Brigantine , NJ"
"Brigham City , UT"
"Brighton , CO"
"Brighton , MI"
"Bristol , CT"
"Bristol , TN"
"Bristol , VA"
"Bristol, PA"
"Bristow , OK"
"Broadview Heights , OH"
"Broadview, IL"
"Brockport, NY"
"Brockton , MA"
"Broken Arrow , OK"
"Bronxville, NY"
"Brook Park , OH"
"Brookfield , MO"
"Brookfield , WI"
"Brookfield, IL"
"Brookhaven , MS"
"Brookhaven, PA"
"Brookings , OR"
"Brookings , SD"
"Brooklyn , OH"
"Brooklyn Center , MN"
"Brooklyn Park , MN"
"Brooksville , FL"
"Brookville , OH"
"Broomfield , CO"
"Broussard , LA"
"Brown Deer, WI"
"Brownfield , TX"
"Brownsburg, IN"
"Brownsville , TN"
"Brownsville , TX"
"Brownwood , TX"
"Brunswick , GA"
"Brunswick , MD"
"Brunswick , OH"
"Brush , CO"
"Bryan , OH"
"Bryan , TX"
"Bryant , AR"
"Buchanan , MI"
"Buckeye, AZ"
"Buckhannon , WV"
"Buckley , WA"
"Bucyrus , OH"
"Buda , TX"
"Buena Park , CA"
"Buena Vista , VA"
"Buffalo , MN"
"Buffalo , NY"
"Buffalo , WY"
"Buffalo Grove, IL"
"Buford , GA"
"Bullhead City , AZ"
"Bulverde , TX"
"Bunkie , LA"
"Burbank , CA"
"Burbank , IL"
"Burien , WA"
"Burkburnett , TX"
"Burleson , TX"
"Burley , ID"
"Burlingame , CA"
"Burlington , IA"
"Burlington , NC"
"Burlington , NJ"
"Burlington , VT"
"Burlington , WA"
"Burlington , WI"
"Burnet , TX"
"Burnsville , MN"
"Burr Ridge, IL"
"Burton , MI"
"Butler , MO"
"Butler , PA"
"Butler, NJ"
"Butner, NC"
"Butte-Silver Bow, MT"
"Byron , GA"
"Byron , MN"
"Cabot , AR"
"Cadillac , MI"
"Cahokia, IL"
"Cairo , GA"
"Calabasas , CA"
"Caldwell , ID"
"Caldwell, NJ"
"Caledonia, WI"
"Calera , AL"
"Calexico , CA"
"Calhoun , GA"
"California City , CA"
"California, PA"
"Calimesa , CA"
"Calipatria , CA"
"Calistoga , CA"
"Callaway , FL"
"Calumet City , IL"
"Calumet Park, IL"
"Camarillo , CA"
"Camas , WA"
"Cambridge , MA"
"Cambridge , MD"
"Cambridge , MN"
"Cambridge , OH"
"Camden , AR"
"Camden , NJ"
"Camden , SC"
"Cameron , MO"
"Cameron , TX"
"Camilla , GA"
"Camp Hill, PA"
"Camp Verde, AZ"
"Campbell , CA"
"Campbell , OH"
"Campbellsville , KY"
"Campton Hills, IL"
"Canal Fulton , OH"
"Canal Winchester, OH"
"Canandaigua , NY"
"Canastota, NY"
"Canby , OR"
"Canfield , OH"
"Cañon City , CO"
"Canonsburg, PA"
"Canton , GA"
"Canton , IL"
"Canton , MS"
"Canton , OH"
"Canton, NY"
"Canyon , TX"
"Canyon Lake , CA"
"Cape Canaveral , FL"
"Cape Coral , FL"
"Cape Girardeau , MO"
"Capitola , CA"
"Carbondale , IL"
"Carbondale , PA"
"Carbondale, CO"
"Carencro , LA"
"Caribou , ME"
"Carl Junction , MO"
"Carlinville , IL"
"Carlisle , OH"
"Carlisle, PA"
"Carlsbad , CA"
"Carlsbad , NM"
"Carlstadt, NJ"
"Carmel , IN"
"Carmi , IL"
"Carnegie, PA"
"Carol Stream, IL"
"Carolina Beach, NC"
"Carpentersville, IL"
"Carpinteria , CA"
"Carrboro, NC"
"Carrizo Springs , TX"
"Carroll , IA"
"Carrollton , GA"
"Carrollton , TX"
"Carson , CA"
"Carson City, NV"
"Carteret, NJ"
"Cartersville , GA"
"Carterville , IL"
"Carthage , MO"
"Carthage , MS"
"Carthage , TX"
"Caruthersville , MO"
"Cary, IL"
"Cary, NC"
"Casa Grande , AZ"
"Casper , WY"
"Casselberry , FL"
"Castle Rock, CO"
"Castle Shannon, PA"
"Catasauqua, PA"
"Cathedral City , CA"
"Catoosa , OK"
"Cave Creek, AZ"
"Cayce , SC"
"Cedar City , UT"
"Cedar Falls , IA"
"Cedar Grove, FL"
"Cedar Hill , TX"
"Cedar Hills , UT"
"Cedar Lake, IN"
"Cedar Park , TX"
"Cedar Rapids , IA"
"Cedarburg , WI"
"Cedarhurst, NY"
"Cedartown , GA"
"Celina , OH"
"Celina , TX"
"Centennial , CO"
"Center , TX"
"Center Line , MI"
"Center Point , AL"
"Centerton , AR"
"Centerville , GA"
"Centerville , IA"
"Centerville , OH"
"Centerville , UT"
"Central City , KY"
"Central Falls , RI"
"Central Point , OR"
"Centralia , IL"
"Centralia , WA"
"Centreville , IL"
"Ceres , CA"
"Cerritos , CA"
"Chadron , NE"
"Chambersburg, PA"
"Chamblee , GA"
"Champaign , IL"
"Champlin , MN"
"Chandler , AZ"
"Chanhassen , MN"
"Channahon, IL"
"Chanute , KS"
"Chapel Hill, NC"
"Chardon , OH"
"Chariton , IA"
"Charleroi, PA"
"Charles City , IA"
"Charles Town , WV"
"Charleston , IL"
"Charleston , MO"
"Charleston , SC"
"Charleston , WV"
"Charlestown , IN"
"Charlotte , MI"
"Charlotte , NC"
"Charlottesville , VA"
"Chaska , MN"
"Chatham, IL"
"Chatham, NJ"
"Chattanooga , TN"
"Cheboygan , MI"
"Chehalis , WA"
"Chelsea , AL"
"Chelsea , MA"
"Chelsea , MI"
"Cheney , WA"
"Cheraw, SC"
"Cherokee , IA"
"Cherokee Village , AR"
"Cherry Hills Village , CO"
"Cherryville , NC"
"Chesapeake , VA"
"Chester , IL"
"Chester , PA"
"Chester , SC"
"Chesterfield , MO"
"Chesterton, IN"
"Chestertown, MD"
"Chestnut Ridge, NY"
"Cheverly, MD"
"Cheviot , OH"
"Cheyenne , WY"
"Chicago , IL"
"Chicago Heights , IL"
"Chicago Ridge, IL"
"Chickasaw , AL"
"Chickasha , OK"
"Chico , CA"
"Chicopee , MA"
"Childersburg , AL"
"Childress , TX"
"Chillicothe , IL"
"Chillicothe , MO"
"Chillicothe , OH"
"Chino , CA"
"Chino Hills , CA"
"Chino Valley, AZ"
"Chippewa Falls , WI"
"Chisholm , MN"
"Chittenango, NY"
"Choctaw , OK"
"Chowchilla , CA"
"Christiansburg, VA"
"Chubbuck , ID"
"Chula Vista , CA"
"Church Hill , TN"
"Church Point, LA"
"Cibolo , TX"
"Cicero, IL"
"Cicero, IN"
"Cincinnati , OH"
"Circle Pines , MN"
"Circleville , OH"
"Citrus Heights , CA"
"Clairton , PA"
"Clanton , AL"
"Claremont , CA"
"Claremont , NH"
"Claremore , OK"
"Clarendon Hills, IL"
"Clarinda , IA"
"Clarion, PA"
"Clarks Summit, PA"
"Clarksburg , WV"
"Clarksdale , MS"
"Clarkston , GA"
"Clarkston , WA"
"Clarksville , AR"
"Clarksville , TN"
"Clarksville, IN"
"Clawson , MI"
"Clay , AL"
"Clay Center , KS"
"Clayton , CA"
"Clayton , MO"
"Clayton , OH"
"Clayton, NC"
"Clayton, NJ"
"Clear Lake , IA"
"Clearfield , UT"
"Clearfield, PA"
"Clearlake , CA"
"Clearwater , FL"
"Cleburne , TX"
"Clementon, NJ"
"Clemmons, NC"
"Clemson , SC"
"Clermont , FL"
"Cleveland , MS"
"Cleveland , OH"
"Cleveland , TN"
"Cleveland , TX"
"Cleveland Heights , OH"
"Clewiston , FL"
"Cliffside Park, NJ"
"Clifton , NJ"
"Clifton Heights, PA"
"Clinton , IA"
"Clinton , IL"
"Clinton , IN"
"Clinton , MO"
"Clinton , MS"
"Clinton , NC"
"Clinton , OK"
"Clinton , SC"
"Clinton , TN"
"Clinton , UT"
"Clive , IA"
"Cloquet , MN"
"Closter, NJ"
"Clover, SC"
"Cloverdale , CA"
"Clovis , CA"
"Clovis , NM"
"Clute , TX"
"Clyde , OH"
"Coachella , CA"
"Coal City, IL"
"Coalinga , CA"
"Coatesville , PA"
"Cobleskill, NY"
"Cochran , GA"
"Cocoa , FL"
"Cocoa Beach , FL"
"Coconut Creek , FL"
"Cody , WY"
"Coeur d'Alene , ID"
"Coffeyville , KS"
"Cohoes , NY"
"Colby , KS"
"Cold Spring , KY"
"Coldwater , MI"
"Coldwater, OH"
"Coleman , TX"
"College Park , GA"
"College Park , MD"
"College Place , WA"
"College Station , TX"
"Collegedale , TN"
"Collegeville, PA"
"Colleyville , TX"
"Collierville, TN"
"Collingdale, PA"
"Collingswood, NJ"
"Collinsville , IL"
"Collinsville , OK"
"Colona , IL"
"Colonial Heights , VA"
"Colonie, NY"
"Colorado City, AZ"
"Colorado Springs , CO"
"Colton , CA"
"Columbia , IL"
"Columbia , MO"
"Columbia , MS"
"Columbia , SC"
"Columbia , TN"
"Columbia City , IN"
"Columbia Falls , MT"
"Columbia Heights , MN"
"Columbia, PA"
"Columbiana , OH"
"Columbus , GA"
"Columbus , IN"
"Columbus , MS"
"Columbus , NE"
"Columbus , OH"
"Columbus , WI"
"Colusa , CA"
"Colville , WA"
"Commerce , CA"
"Commerce , GA"
"Commerce , TX"
"Commerce City , CO"
"Compton , CA"
"Concord , CA"
"Concord , NC"
"Concord , NH"
"Concordia , KS"
"Conneaut , OH"
"Connellsville , PA"
"Connersville , IN"
"Conover , NC"
"Conroe , TX"
"Conshohocken, PA"
"Converse , TX"
"Conway , AR"
"Conway , SC"
"Conyers , GA"
"Cookeville , TN"
"Coolidge , AZ"
"Coon Rapids , MN"
"Cooper City , FL"
"Coos Bay , OR"
"Coppell , TX"
"Copperas Cove , TX"
"Coral Gables , FL"
"Coral Springs , FL"
"Coralville , IA"
"Coraopolis, PA"
"Corbin , KY"
"Corcoran , CA"
"Corcoran , MN"
"Cordele , GA"
"Corinth , MS"
"Corinth , TX"
"Cornelius , OR"
"Cornelius, NC"
"Corning , CA"
"Corning , NY"
"Corona , CA"
"Coronado , CA"
"Corpus Christi , TX"
"Corrales, NM"
"Corry , PA"
"Corsicana , TX"
"Corte Madera, CA"
"Cortez , CO"
"Cortland , NY"
"Cortland , OH"
"Corvallis , OR"
"Coshocton , OH"
"Costa Mesa , CA"
"Cotati , CA"
"Cottage Grove , MN"
"Cottage Grove , OR"
"Cottage Grove, WI"
"Cottonwood , AZ"
"Cottonwood Heights , UT"
"Council Bluffs , IA"
"Country Club Hills , IL"
"Countryside , IL"
"Covina , CA"
"Covington , GA"
"Covington , KY"
"Covington , LA"
"Covington , TN"
"Covington , VA"
"Covington , WA"
"Coweta , OK"
"Crafton, PA"
"Craig , CO"
"Cranston , RI"
"Crawfordsville , IN"
"Crescent City , CA"
"Cresskill, NJ"
"Crest Hill , IL"
"Crestline , OH"
"Creston , IA"
"Crestview , FL"
"Crestwood , MO"
"Crestwood, IL"
"Creswell , OR"
"Crete , NE"
"Crete, IL"
"Creve Coeur , MO"
"Creve Coeur, IL"
"Crockett , TX"
"Crookston , MN"
"Crossett , AR"
"Crossville , TN"
"Croton-on-Hudson, NY"
"Crowley , LA"
"Crowley , TX"
"Crown Point , IN"
"Crystal , MN"
"Crystal City , MO"
"Crystal City , TX"
"Crystal Lake , IL"
"Crystal Springs , MS"
"Cudahy , CA"
"Cudahy , WI"
"Cuero , TX"
"Cullman , AL"
"Culpeper, VA"
"Culver City , CA"
"Cumberland , MD"
"Cumberland, IN"
"Cumming , GA"
"Cupertino , CA"
"Cushing , OK"
"Cusseta, GA"
"Cutler Bay, FL"
"Cuyahoga Falls , OH"
"Cynthiana , KY"
"Cypress , CA"
"D'Iberville , MS"
"Dacula , GA"
"Dade City , FL"
"Dahlonega , GA"
"Daleville , AL"
"Dalhart , TX"
"Dallas , GA"
"Dallas , OR"
"Dallas , TX"
"Dalton , GA"
"Daly City , CA"
"Damascus , OR"
"Dana Point , CA"
"Danbury , CT"
"Dania Beach , FL"
"Danielson, CT"
"Dansville, NY"
"Danville , IL"
"Danville , KY"
"Danville , VA"
"Danville, CA"
"Danville, IN"
"Danville, PA"
"Daphne , AL"
"Darby, PA"
"Dardanelle , AR"
"Dardenne Prairie , MO"
"Darien , IL"
"Darlington , SC"
"Davenport , IA"
"Davidson, NC"
"Davie, FL"
"Davis , CA"
"Davison , MI"
"Dawson , GA"
"Dayton , KY"
"Dayton , MN"
"Dayton , OH"
"Dayton , TN"
"Dayton , TX"
"Daytona Beach , FL"
"Daytona Beach Shores , FL"
"De Funiak Springs , FL"
"De Land , FL"
"De Motte, IN"
"De Pere , WI"
"De Queen , AR"
"De Soto , KS"
"De Soto , MO"
"De Witt , IA"
"Dearborn , MI"
"Dearborn Heights , MI"
"DeBary , FL"
"Decatur , AL"
"Decatur , GA"
"Decatur , IL"
"Decatur , IN"
"Decatur , TX"
"Decorah , IA"
"Deer Park , OH"
"Deer Park , TX"
"Deerfield Beach , FL"
"Deerfield, IL"
"Defiance , OH"
"DeForest, WI"
"DeKalb , IL"
"Del City , OK"
"Del Mar , CA"
"Del Rio , TX"
"Delafield , WI"
"Delano , CA"
"Delano , MN"
"Delavan , WI"
"Delaware , OH"
"Dellwood , MO"
"Delphos , OH"
"Delray Beach , FL"
"Delta , CO"
"Deltona , FL"
"Demarest, NJ"
"Deming , NM"
"Demopolis , AL"
"Denham Springs , LA"
"Denison , IA"
"Denison , TX"
"Denton , TX"
"Denver , CO"
"Depew, NY"
"Derby , CT"
"Derby , KS"
"DeRidder , LA"
"Des Moines , IA"
"Des Moines , WA"
"Des Peres , MO"
"Des Plaines , IL"
"Desert Hot Springs , CA"
"Desloge , MO"
"DeSoto , TX"
"Destin , FL"
"Detroit , MI"
"Detroit Lakes , MN"
"Devils Lake , ND"
"Devine , TX"
"DeWitt , MI"
"Dexter , MO"
"Diamond Bar , CA"
"Diboll , TX"
"Dickinson , ND"
"Dickinson , TX"
"Dickson , TN"
"Dickson City, PA"
"Dillon , SC"
"Dinuba , CA"
"District Heights , MD"
"Dixon , CA"
"Dixon , IL"
"Dobbs Ferry, NY"
"Dodge City , KS"
"Dodgeville , WI"
"Dolton, IL"
"Donaldsonville , LA"
"Donna , TX"
"Donora, PA"
"Doral , FL"
"Doraville , GA"
"Dormont, PA"
"Dos Palos , CA"
"Dothan , AL"
"Douglas , AZ"
"Douglas , GA"
"Douglas , WY"
"Douglass Hills , KY"
"Douglasville , GA"
"Dover , DE"
"Dover , NH"
"Dover , OH"
"Dover, NJ"
"Dowagiac , MI"
"Downers Grove, IL"
"Downey , CA"
"Downingtown, PA"
"Doylestown, PA"
"Draper , UT"
"Du Quoin , IL"
"Duarte , CA"
"Dublin , CA"
"Dublin , GA"
"Dublin , OH"
"DuBois , PA"
"Dubuque , IA"
"Duluth , GA"
"Duluth , MN"
"Dumas , AR"
"Dumas , TX"
"Dumfries, VA"
"Dumont, NJ"
"Dunbar , WV"
"Duncan , OK"
"Duncanville , TX"
"Dunedin , FL"
"Dunellen, NJ"
"Dunkirk , NY"
"Dunlap , TN"
"Dunmore, PA"
"Dunn , NC"
"DuPont , WA"
"Duquesne , PA"
"Durango , CO"
"Durant , OK"
"Durham , NC"
"Duryea, PA"
"Duvall , WA"
"Dyer, IN"
"Dyersburg , TN"
"Eagan , MN"
"Eagar, AZ"
"Eagle , ID"
"Eagle Mountain , UT"
"Eagle Pass , TX"
"Eagle Point , OR"
"Eagle, CO"
"Easley , SC"
"East Alton, IL"
"East Aurora, NY"
"East Bethel , MN"
"East Chicago , IN"
"East Cleveland , OH"
"East Grand Forks , MN"
"East Grand Rapids , MI"
"East Hills, NY"
"East Lansing , MI"
"East Liverpool , OH"
"East Moline , IL"
"East Orange , NJ"
"East Palestine , OH"
"East Palo Alto , CA"
"East Peoria , IL"
"East Petersburg, PA"
"East Point , GA"
"East Providence , RI"
"East Ridge , TN"
"East Rochester, NY"
"East Rockaway, NY"
"East Rutherford, NJ"
"East St. Louis , IL"
"East Stroudsburg, PA"
"East Troy, WI"
"East Wenatchee , WA"
"Easthampton , MA"
"Eastlake , OH"
"Eastman , GA"
"Easton , PA"
"Easton, MD"
"Eastpointe , MI"
"Eaton , OH"
"Eaton Rapids , MI"
"Eatonton , GA"
"Eatontown, NJ"
"Eau Claire , WI"
"Economy, PA"
"Ecorse , MI"
"Edcouch , TX"
"Eden , NC"
"Eden Prairie , MN"
"Edenton, NC"
"Edgefield, SC"
"Edgerton , WI"
"Edgewater , CO"
"Edgewater , FL"
"Edgewater, NJ"
"Edgewood , KY"
"Edgewood , WA"
"Edina , MN"
"Edinboro, PA"
"Edinburg , TX"
"Edinburgh, IN"
"Edmond , OK"
"Edmonds , WA"
"Edna , TX"
"Edwardsville , IL"
"Edwardsville , KS"
"Edwardsville, PA"
"Effingham , IL"
"Egg Harbor City , NJ"
"El Cajon , CA"
"El Campo , TX"
"El Centro , CA"
"El Cerrito , CA"
"El Dorado , AR"
"El Dorado , KS"
"El Mirage , AZ"
"El Monte , CA"
"El Paso , TX"
"El Reno , OK"
"El Segundo , CA"
"Elberton , GA"
"Elburn, IL"
"Eldon , MO"
"Eldorado , IL"
"Eldridge , IA"
"Elgin , IL"
"Elgin , TX"
"Elizabeth , NJ"
"Elizabeth City , NC"
"Elizabethton , TN"
"Elizabethtown , KY"
"Elizabethtown, PA"
"Elk City , OK"
"Elk Grove , CA"
"Elk Grove Village, IL"
"Elk River , MN"
"Elkhart , IN"
"Elkhorn , WI"
"Elkins , WV"
"Elko , NV"
"Elkton, MD"
"Ellensburg , WA"
"Ellettsville, IN"
"Ellisville , MO"
"Ellisville , MS"
"Ellsworth , ME"
"Ellwood City, PA"
"Elm Grove, WI"
"Elmhurst , IL"
"Elmira , NY"
"Elmsford, NY"
"Elmwood Park, IL"
"Elmwood Park, NJ"
"Elon, NC"
"Eloy , AZ"
"Elsa , TX"
"Elsmere , KY"
"Elsmere, DE"
"Elwood , IN"
"Elyria , OH"
"Emerson, NJ"
"Emeryville , CA"
"Emmaus, PA"
"Emmett , ID"
"Emporia , KS"
"Emporia , VA"
"Encinitas , CA"
"Endicott, NY"
"Englewood , CO"
"Englewood , NJ"
"Englewood , OH"
"Englewood Cliffs, NJ"
"Enid , OK"
"Ennis , TX"
"Enoch , UT"
"Enterprise , AL"
"Enumclaw , WA"
"Ephraim , UT"
"Ephrata , WA"
"Ephrata, PA"
"Erie , PA"
"Erie, CO"
"Erlanger , KY"
"Erwin, NC"
"Erwin, TN"
"Escalon , CA"
"Escanaba , MI"
"Escondido , CA"
"Espanola , NM"
"Essex Junction, VT"
"Estes Park, CO"
"Estherville , IA"
"Euclid , OH"
"Eudora , KS"
"Eufaula , AL"
"Eugene , OR"
"Euless , TX"
"Eunice , LA"
"Eureka , CA"
"Eureka , IL"
"Eureka , MO"
"Eustis , FL"
"Evans , CO"
"Evansdale , IA"
"Evanston , IL"
"Evanston , WY"
"Evansville , IN"
"Evansville , WI"
"Everett , MA"
"Everett , WA"
"Evergreen Park, IL"
"Everman , TX"
"Excelsior Springs , MO"
"Exeter , CA"
"Exeter, PA"
"Fair Haven, NJ"
"Fair Lawn, NJ"
"Fair Oaks Ranch , TX"
"Fairbanks , AK"
"Fairborn , OH"
"Fairburn , GA"
"Fairfax , VA"
"Fairfax, CA"
"Fairfield , AL"
"Fairfield , CA"
"Fairfield , IA"
"Fairfield , IL"
"Fairfield , OH"
"Fairhope , AL"
"Fairlawn , OH"
"Fairmont , MN"
"Fairmont , WV"
"Fairport, NY"
"Fairview , OR"
"Fairview , TN"
"Fairview Heights , IL"
"Fairview Park , OH"
"Fairview, NC"
"Fairview, NJ"
"Fairview, TX"
"Falcon Heights , MN"
"Falfurrias , TX"
"Fall River , MA"
"Fallon , NV"
"Falls Church , VA"
"Fanwood, NJ"
"Fargo , ND"
"Faribault , MN"
"Farmers Branch , TX"
"Farmersville , CA"
"Farmingdale, NY"
"Farmington , AR"
"Farmington , MI"
"Farmington , MN"
"Farmington , MO"
"Farmington , NM"
"Farmington , UT"
"Farmington Hills , MI"
"Farmville, NC"
"Farmville, VA"
"Farr West , UT"
"Farragut, TN"
"Farrell , PA"
"Fate , TX"
"Fayette , AL"
"Fayetteville , AR"
"Fayetteville , GA"
"Fayetteville , NC"
"Fayetteville , TN"
"Federal Heights , CO"
"Federal Way , WA"
"Fellsmere , FL"
"Fenton , MI"
"Fergus Falls , MN"
"Ferguson , MO"
"Fernandina Beach , FL"
"Ferndale , MI"
"Ferndale , WA"
"Fernley , NV"
"Festus , MO"
"Fife , WA"
"Fillmore , CA"
"Findlay , OH"
"Fircrest , WA"
"Firebaugh , CA"
"Firestone, CO"
"Fishers, IN"
"Fitchburg , MA"
"Fitchburg , WI"
"Fitzgerald , GA"
"Flagler Beach , FL"
"Flagstaff , AZ"
"Flat Rock , MI"
"Flatwoods , KY"
"Fletcher, NC"
"Flint , MI"
"Flora , IL"
"Floral Park, NY"
"Florence , AL"
"Florence , KY"
"Florence , OR"
"Florence , SC"
"Florence, AZ"
"Floresville , TX"
"Florham Park, NJ"
"Florida City , FL"
"Florissant , MO"
"Flossmoor, IL"
"Flower Hill, NY"
"Flower Mound, TX"
"Flowood , MS"
"Flushing , MI"
"Folcroft, PA"
"Foley , AL"
"Folsom , CA"
"Fond du Lac , WI"
"Fontana , CA"
"Forest , MS"
"Forest Acres , SC"
"Forest City, NC"
"Forest Grove , OR"
"Forest Hill , TX"
"Forest Hills , TN"
"Forest Hills, PA"
"Forest Lake , MN"
"Forest Park , GA"
"Forest Park , OH"
"Forest Park, IL"
"Forney , TX"
"Forrest City , AR"
"Forsyth , GA"
"Fort Atkinson , WI"
"Fort Bragg , CA"
"Fort Collins , CO"
"Fort Dodge , IA"
"Fort Gibson, OK"
"Fort Lauderdale , FL"
"Fort Lee, NJ"
"Fort Lupton , CO"
"Fort Madison , IA"
"Fort Meade , FL"
"Fort Mill, SC"
"Fort Mitchell , KY"
"Fort Morgan , CO"
"Fort Myers , FL"
"Fort Myers Beach, FL"
"Fort Oglethorpe , GA"
"Fort Payne , AL"
"Fort Pierce , FL"
"Fort Scott , KS"
"Fort Smith , AR"
"Fort Stockton , TX"
"Fort Thomas , KY"
"Fort Valley , GA"
"Fort Walton Beach , FL"
"Fort Wayne , IN"
"Fort Worth , TX"
"Fort Wright , KY"
"Fortuna , CA"
"Foster City , CA"
"Fostoria , OH"
"Fountain , CO"
"Fountain Hill, PA"
"Fountain Hills, AZ"
"Fountain Inn , SC"
"Fountain Valley , CA"
"Fowler , CA"
"Fox Chapel, PA"
"Fox Lake, IL"
"Fox Point, WI"
"Fox River Grove, IL"
"Frankenmuth , MI"
"Frankfort , IN"
"Frankfort , KY"
"Frankfort, IL"
"Franklin , IN"
"Franklin , KY"
"Franklin , LA"
"Franklin , MA"
"Franklin , NH"
"Franklin , OH"
"Franklin , PA"
"Franklin , TN"
"Franklin , VA"
"Franklin , WI"
"Franklin Lakes, NJ"
"Franklin Park, IL"
"Franklin Park, PA"
"Franklin, NJ"
"Fraser , MI"
"Frederick , MD"
"Frederick, CO"
"Fredericksburg , TX"
"Fredericksburg , VA"
"Fredonia, NY"
"Freeburg, IL"
"Freehold, NJ"
"Freeport , IL"
"Freeport , TX"
"Freeport, NY"
"Fremont , CA"
"Fremont , NE"
"Fremont , OH"
"Fresno , CA"
"Fridley , MN"
"Friendswood , TX"
"Frisco , TX"
"Front Royal, VA"
"Frostburg , MD"
"Fruit Heights , UT"
"Fruita , CO"
"Fruitland , ID"
"Fruitland , MD"
"Fullerton , CA"
"Fulton , MO"
"Fulton , NY"
"Fultondale , AL"
"Fuquay-Varina, NC"
"Gadsden , AL"
"Gaffney , SC"
"Gahanna , OH"
"Gainesville , FL"
"Gainesville , GA"
"Gainesville , TX"
"Gaithersburg , MD"
"Galax , VA"
"Galena Park , TX"
"Galesburg , IL"
"Galion , OH"
"Gallatin , TN"
"Gallup , NM"
"Galt , CA"
"Galveston , TX"
"Garden City , GA"
"Garden City , ID"
"Garden City , KS"
"Garden City , MI"
"Garden City, NY"
"Garden Grove , CA"
"Gardena , CA"
"Gardendale , AL"
"Gardiner , ME"
"Gardner , KS"
"Gardner , MA"
"Garfield , NJ"
"Garfield Heights , OH"
"Garland , TX"
"Garner, NC"
"Garrett , IN"
"Garwood, NJ"
"Gary , IN"
"Gas City , IN"
"Gastonia , NC"
"Gatesville , TX"
"Gatlinburg , TN"
"Gautier , MS"
"Geneseo , IL"
"Geneseo, NY"
"Geneva , AL"
"Geneva , IL"
"Geneva , NY"
"Geneva , OH"
"Genoa , IL"
"Georgetown , KY"
"Georgetown , SC"
"Georgetown , TX"
"Georgetown, DE"
"Gering , NE"
"Germantown , TN"
"Germantown, OH"
"Germantown, WI"
"Gettysburg, PA"
"Gibraltar , MI"
"Gibsonville, NC"
"Giddings , TX"
"Gig Harbor , WA"
"Gilbert, AZ"
"Gilberts, IL"
"Gillette , WY"
"Gilmer , TX"
"Gilroy , CA"
"Girard , OH"
"Gladewater , TX"
"Gladstone , MI"
"Gladstone , MO"
"Gladstone , OR"
"Glasgow , KY"
"Glassboro, NJ"
"Glassport, PA"
"Glen Carbon, IL"
"Glen Cove , NY"
"Glen Ellyn, IL"
"Glen Ridge, NJ"
"Glen Rock, NJ"
"Glenarden , MD"
"Glencoe , AL"
"Glencoe , MN"
"Glencoe, IL"
"Glendale , AZ"
"Glendale , CA"
"Glendale , CO"
"Glendale , MO"
"Glendale , WI"
"Glendale Heights, IL"
"Glendive , MT"
"Glendora , CA"
"Glenn Heights , TX"
"Glennville , GA"
"Glenolden, PA"
"Glenpool , OK"
"Glens Falls , NY"
"Glenview, IL"
"Glenwood , IA"
"Glenwood Springs , CO"
"Glenwood, IL"
"Globe , AZ"
"Gloucester , MA"
"Gloucester City , NJ"
"Gloversville , NY"
"Godfrey, IL"
"Golden , CO"
"Golden Valley , MN"
"Goldsboro , NC"
"Goleta , CA"
"Gonzales , CA"
"Gonzales , LA"
"Gonzales , TX"
"Goodland , KS"
"Goodlettsville , TN"
"Goodyear , AZ"
"Goose Creek , SC"
"Goshen , IN"
"Goshen, NY"
"Grafton , WV"
"Grafton, OH"
"Grafton, WI"
"Graham , NC"
"Graham , TX"
"Grain Valley , MO"
"Grambling , LA"
"Granbury , TX"
"Grand Blanc , MI"
"Grand Forks , ND"
"Grand Haven , MI"
"Grand Island , NE"
"Grand Junction , CO"
"Grand Ledge , MI"
"Grand Prairie , TX"
"Grand Rapids , MI"
"Grand Rapids , MN"
"Grand Terrace , CA"
"Grandview , MO"
"Grandview , WA"
"Grandview Heights , OH"
"Grandville , MI"
"Granite City , IL"
"Granite Falls, NC"
"Grants , NM"
"Grants Pass , OR"
"Grantsville , UT"
"Granville, OH"
"Grapevine , TX"
"Grass Valley , CA"
"Grayslake, IL"
"Great Bend , KS"
"Great Falls , MT"
"Great Neck Plaza, NY"
"Great Neck, NY"
"Greeley , CO"
"Green , OH"
"Green Bay , WI"
"Green Cove Springs , FL"
"Green River , WY"
"Green Tree, PA"
"Greenacres , FL"
"Greenbelt , MD"
"Greenbrier , AR"
"Greenbrier, TN"
"Greencastle , IN"
"Greendale , IN"
"Greendale, WI"
"Greeneville, TN"
"Greenfield , CA"
"Greenfield , IN"
"Greenfield , OH"
"Greenfield , WI"
"Greensboro , NC"
"Greensburg , IN"
"Greensburg , PA"
"Greenville , AL"
"Greenville , IL"
"Greenville , MI"
"Greenville , MS"
"Greenville , NC"
"Greenville , OH"
"Greenville , SC"
"Greenville , TX"
"Greenville, PA"
"Greenwood , AR"
"Greenwood , IN"
"Greenwood , MO"
"Greenwood , MS"
"Greenwood , SC"
"Greenwood Village , CO"
"Greer , SC"
"Grenada , MS"
"Gresham , OR"
"Gretna , LA"
"Gretna , NE"
"Gridley , CA"
"Griffin , GA"
"Griffith, IN"
"Grimes , IA"
"Grinnell , IA"
"Grosse Pointe , MI"
"Grosse Pointe Farms , MI"
"Grosse Pointe Park , MI"
"Grosse Pointe Woods , MI"
"Groton , CT"
"Grove , OK"
"Grove City , OH"
"Grove City, PA"
"Groveland , FL"
"Groveport, OH"
"Grover Beach , CA"
"Groves , TX"
"Grovetown , GA"
"Guadalupe , CA"
"Guadalupe, AZ"
"Gulf Breeze , FL"
"Gulf Shores , AL"
"Gulfport , FL"
"Gulfport , MS"
"Gun Barrel City , TX"
"Gunnison , CO"
"Guntersville , AL"
"Gurnee, IL"
"Gustine , CA"
"Guthrie , OK"
"Guttenberg, NJ"
"Guymon , OK"
"Gypsum, CO"
"Hackensack , NJ"
"Hackettstown, NJ"
"Haddon Heights, NJ"
"Haddonfield, NJ"
"Hagerstown , MD"
"Hailey , ID"
"Haines City , FL"
"Haledon, NJ"
"Hales Corners, WI"
"Half Moon Bay , CA"
"Hallandale Beach , FL"
"Haltom City , TX"
"Ham Lake , MN"
"Hamburg, NY"
"Hamilton , AL"
"Hamilton , MT"
"Hamilton , OH"
"Hamlet , NC"
"Hammond , IN"
"Hammond , LA"
"Hammonton, NJ"
"Hampshire, IL"
"Hampstead, MD"
"Hampton , GA"
"Hampton , VA"
"Hamtramck , MI"
"Hanahan , SC"
"Hanford , CA"
"Hannibal , MO"
"Hanover Park, IL"
"Hanover, PA"
"Hapeville , GA"
"Happy Valley , OR"
"Harahan , LA"
"Harker Heights , TX"
"Harlan , IA"
"Harlingen , TX"
"Harper Woods , MI"
"Harrah , OK"
"Harriman , TN"
"Harrington Park, NJ"
"Harrisburg , IL"
"Harrisburg , PA"
"Harrisburg, NC"
"Harrison , AR"
"Harrison , OH"
"Harrison, NJ"
"Harrison, NY"
"Harrisonburg , VA"
"Harrisonville , MO"
"Harrisville , UT"
"Harrodsburg , KY"
"Hartford , CT"
"Hartford , WI"
"Hartford City , IN"
"Hartland, WI"
"Hartselle , AL"
"Hartsville , SC"
"Hartsville, TN"
"Hartwell , GA"
"Harvard , IL"
"Harvey , IL"
"Harwood Heights, IL"
"Hasbrouck Heights, NJ"
"Hastings , MI"
"Hastings , MN"
"Hastings , NE"
"Hastings-on-Hudson, NY"
"Hatboro, PA"
"Hattiesburg , MS"
"Havelock , NC"
"Haverhill , MA"
"Haverstraw, NY"
"Havre , MT"
"Havre de Grace , MD"
"Hawaiian Gardens , CA"
"Hawthorn Woods, IL"
"Hawthorne , CA"
"Hawthorne, NJ"
"Hayden , ID"
"Hays , KS"
"Haysville , KS"
"Hayward , CA"
"Hazard , KY"
"Hazel Crest, IL"
"Hazel Park , MI"
"Hazelwood , MO"
"Hazlehurst , MS"
"Hazleton , PA"
"Healdsburg , CA"
"Hearne , TX"
"Heath , OH"
"Heath , TX"
"Heber , UT"
"Heber Springs , AR"
"Helena , AL"
"Helena , MT"
"Helena-West Helena , AR"
"Hellertown, PA"
"Helotes , TX"
"Hemet , CA"
"Hempstead , TX"
"Hempstead, NY"
"Henderson , KY"
"Henderson , NC"
"Henderson , NV"
"Henderson , TN"
"Henderson , TX"
"Hendersonville , NC"
"Hendersonville , TN"
"Henryetta , OK"
"Hephzibah , GA"
"Hercules , CA"
"Hereford , TX"
"Herkimer, NY"
"Hermantown , MN"
"Hermiston , OR"
"Hermitage , PA"
"Hermosa Beach , CA"
"Hernando , MS"
"Herndon, VA"
"Herriman , UT"
"Herrin , IL"
"Hesperia , CA"
"Hewitt , TX"
"Hialeah , FL"
"Hialeah Gardens , FL"
"Hiawatha , IA"
"Hibbing , MN"
"Hickory , NC"
"Hickory Hills , IL"
"Hidalgo , TX"
"Higginsville , MO"
"High Point , NC"
"High Springs , FL"
"Highland , CA"
"Highland , IL"
"Highland , UT"
"Highland Heights , KY"
"Highland Heights , OH"
"Highland Park , IL"
"Highland Park , MI"
"Highland Park, NJ"
"Highland Park, TX"
"Highland Village , TX"
"Highland, IN"
"Highlands, NJ"
"Hightstown, NJ"
"Highwood , IL"
"Hilliard , OH"
"Hillsboro , IL"
"Hillsboro , OH"
"Hillsboro , OR"
"Hillsboro , TX"
"Hillsborough, CA"
"Hillsborough, NC"
"Hillsdale , MI"
"Hillsdale, NJ"
"Hillside, IL"
"Hillview , KY"
"Hilton Head Island, SC"
"Hilton, NY"
"Hinesville , GA"
"Hinsdale, IL"
"Hitchcock , TX"
"Hobart , IN"
"Hobart, WI"
"Hobbs , NM"
"Hoboken , NJ"
"Hoffman Estates, IL"
"Hokes Bluff , AL"
"Holbrook , AZ"
"Holdenville , OK"
"Holdrege , NE"
"Holladay , UT"
"Holland , MI"
"Hollidaysburg, PA"
"Hollister , CA"
"Holly Hill , FL"
"Holly Springs , GA"
"Holly Springs , MS"
"Holly Springs, NC"
"Holly, MI"
"Hollywood , FL"
"Hollywood, SC"
"Holmen, WI"
"Holmes Beach , FL"
"Holtville , CA"
"Holyoke , MA"
"Homer , AK"
"Homer Glen, IL"
"Homestead , FL"
"Homewood , AL"
"Homewood, IL"
"Hondo , TX"
"Honesdale, PA"
"Honolulu, HI"
"Hood River , OR"
"Hooper , UT"
"Hoopeston , IL"
"Hoover , AL"
"Hopatcong, NJ"
"Hope , AR"
"Hope Mills, NC"
"Hopewell , VA"
"Hopkins , MN"
"Hopkinsville , KY"
"Hoquiam , WA"
"Horizon City , TX"
"Horn Lake , MS"
"Hornell , NY"
"Horseheads, NY"
"Hot Springs , AR"
"Houghton , MI"
"Houma , LA"
"Houston , TX"
"Howard, WI"
"Howell , MI"
"Hubbard , OH"
"Huber Heights , OH"
"Hudson , NY"
"Hudson , OH"
"Hudson , TX"
"Hudson , WI"
"Hudson Falls, NY"
"Hudsonville , MI"
"Hueytown , AL"
"Hughson , CA"
"Hugo , MN"
"Hugo , OK"
"Humble , TX"
"Humboldt , TN"
"Hummelstown, PA"
"Hunters Creek Village , TX"
"Huntersville, NC"
"Huntingburg , IN"
"Huntingdon, PA"
"Huntington , IN"
"Huntington , WV"
"Huntington Beach , CA"
"Huntington Park , CA"
"Huntington Woods , MI"
"Huntley, IL"
"Huntsville , AL"
"Huntsville , TX"
"Huron , CA"
"Huron , OH"
"Huron , SD"
"Hurricane , UT"
"Hurricane , WV"
"Hurst , TX"
"Hurstbourne , KY"
"Hutchinson , KS"
"Hutchinson , MN"
"Hutto , TX"
"Hyattsville , MD"
"Hyrum , UT"
"Idabel , OK"
"Idaho Falls , ID"
"Ilion, NY"
"Imperial , CA"
"Imperial Beach , CA"
"Independence , IA"
"Independence , KS"
"Independence , KY"
"Independence , MO"
"Independence , OH"
"Independence , OR"
"Indian Harbour Beach , FL"
"Indian Rocks Beach , FL"
"Indian Trail, NC"
"Indian Wells , CA"
"Indiana, PA"
"Indianapolis, IN"
"Indianola , IA"
"Indianola , MS"
"Indio , CA"
"Ingleside , TX"
"Inglewood , CA"
"Inkster , MI"
"International Falls , MN"
"Inver Grove Heights , MN"
"Inverness , FL"
"Inverness, IL"
"Iola , KS"
"Ione , CA"
"Ionia , MI"
"Iowa City , IA"
"Iowa Falls , IA"
"Iowa Park , TX"
"Irmo, SC"
"Iron Mountain , MI"
"Irondale , AL"
"Ironton , OH"
"Ironwood , MI"
"Irvine , CA"
"Irving , TX"
"Irvington, NY"
"Isanti , MN"
"Ishpeming , MI"
"Islamorada, Village of Islands, FL"
"Island Lake, IL"
"Island Park, NY"
"Isle of Palms , SC"
"Issaquah , WA"
"Itasca, IL"
"Ithaca , NY"
"Ivins , UT"
"Jacinto City , TX"
"Jacksboro , TX"
"Jackson , AL"
"Jackson , CA"
"Jackson , GA"
"Jackson , MI"
"Jackson , MO"
"Jackson , MS"
"Jackson , OH"
"Jackson , TN"
"Jackson, WI"
"Jackson, WY"
"Jacksonville , AL"
"Jacksonville , AR"
"Jacksonville , FL"
"Jacksonville , IL"
"Jacksonville , NC"
"Jacksonville , TX"
"Jacksonville Beach , FL"
"Jamesburg, NJ"
"Jamestown , ND"
"Jamestown , NY"
"Janesville , WI"
"Jasper , AL"
"Jasper , IN"
"Jasper , TX"
"Jeanerette , LA"
"Jeannette , PA"
"Jefferson , GA"
"Jefferson , WI"
"Jefferson City , MO"
"Jefferson City , TN"
"Jefferson Hills, PA"
"Jeffersontown , KY"
"Jeffersonville , IN"
"Jenkintown, PA"
"Jenks , OK"
"Jennings , LA"
"Jennings , MO"
"Jerome , ID"
"Jersey City , NJ"
"Jersey Shore, PA"
"Jersey Village , TX"
"Jerseyville , IL"
"Jessup, PA"
"Jesup , GA"
"Jim Thorpe, PA"
"Johns Creek , GA"
"Johnsburg, IL"
"Johnson City , TN"
"Johnson City, NY"
"Johnston , IA"
"Johnstown , NY"
"Johnstown , PA"
"Johnstown, CO"
"Joliet , IL"
"Jonesboro , AR"
"Jonesborough, TN"
"Joplin , MO"
"Jordan , MN"
"Joshua , TX"
"Jourdanton , TX"
"Junction City , KS"
"Junction City , OR"
"Juneau, AK"
"Jupiter, FL"
"Justice, IL"
"Kalamazoo , MI"
"Kalispell , MT"
"Kankakee , IL"
"Kannapolis , NC"
"Kansas City , KS"
"Kansas City , MO"
"Kaplan , LA"
"Kaser, NY"
"Kasson , MN"
"Katy , TX"
"Kaufman , TX"
"Kaukauna , WI"
"Kaysville , UT"
"Keansburg, NJ"
"Kearney , MO"
"Kearney , NE"
"Kearny, NJ"
"Keene , NH"
"Keene , TX"
"Keizer , OR"
"Keller , TX"
"Kelso , WA"
"Kenai , AK"
"Kendallville , IN"
"Kenilworth, NJ"
"Kenmore , WA"
"Kenmore, NY"
"Kennedale , TX"
"Kenner , LA"
"Kennesaw , GA"
"Kenneth City, FL"
"Kennett , MO"
"Kennett Square, PA"
"Kennewick , WA"
"Kenosha , WI"
"Kent , OH"
"Kent , WA"
"Kenton , OH"
"Kentwood , MI"
"Keokuk , IA"
"Kerman , CA"
"Kermit , TX"
"Kernersville, NC"
"Kerrville , TX"
"Ketchikan , AK"
"Kettering , OH"
"Kewanee , IL"
"Key Biscayne, FL"
"Key West , FL"
"Keyport, NJ"
"Keyser , WV"
"Kilgore , TX"
"Kill Devil Hills, NC"
"Killeen , TX"
"Kimberly, WI"
"King , NC"
"King City , CA"
"Kingfisher , OK"
"Kingman , AZ"
"Kings Mountain , NC"
"Kings Point, NY"
"Kingsburg , CA"
"Kingsford , MI"
"Kingsland , GA"
"Kingsport , TN"
"Kingston , NY"
"Kingston , TN"
"Kingston, PA"
"Kingsville , TX"
"Kinnelon, NJ"
"Kinston , NC"
"Kirby , TX"
"Kirkland , WA"
"Kirksville , MO"
"Kirkwood , MO"
"Kirtland , OH"
"Kiryas Joel, NY"
"Kissimmee , FL"
"Kittanning, PA"
"Klamath Falls , OR"
"Knightdale, NC"
"Knoxville , IA"
"Knoxville , TN"
"Kodiak , AK"
"Kokomo , IN"
"Kosciusko , MS"
"Kronenwetter, WI"
"Krum , TX"
"Kuna , ID"
"Kutztown, PA"
"Kyle , TX"
"La Cañada Flintridge , CA"
"La Crescent , MN"
"La Crosse , WI"
"La Feria , TX"
"La Follette , TN"
"La Grande , OR"
"La Grange , KY"
"La Grange , TX"
"La Grange Park, IL"
"La Grange, IL"
"La Habra , CA"
"La Habra Heights , CA"
"La Joya , TX"
"La Junta , CO"
"La Marque , TX"
"La Mesa , CA"
"La Mirada , CA"
"La Palma , CA"
"La Plata, MD"
"La Porte , IN"
"La Porte , TX"
"La Puente , CA"
"La Quinta , CA"
"La Vergne , TN"
"La Verkin , UT"
"La Verne , CA"
"La Vista , NE"
"LaBelle , FL"
"Lacey , WA"
"Lackawanna , NY"
"Laconia , NH"
"Lacy-Lakeview , TX"
"Ladue , MO"
"Lady Lake, FL"
"Lafayette , CA"
"Lafayette , CO"
"LaFayette , GA"
"Lafayette , IN"
"Lafayette , LA"
"Lafayette , TN"
"Lago Vista , TX"
"LaGrange , GA"
"Laguna Beach , CA"
"Laguna Hills , CA"
"Laguna Niguel , CA"
"Laguna Woods , CA"
"Lake Alfred , FL"
"Lake Barrington, IL"
"Lake Bluff, IL"
"Lake Charles , LA"
"Lake City , FL"
"Lake City , MN"
"Lake City , SC"
"Lake Dallas , TX"
"Lake Elmo , MN"
"Lake Elsinore , CA"
"Lake Forest , CA"
"Lake Forest , IL"
"Lake Forest Park , WA"
"Lake Geneva , WI"
"Lake Grove, NY"
"Lake Hallie, WI"
"Lake Havasu City , AZ"
"Lake in the Hills, IL"
"Lake Jackson , TX"
"Lake Mary , FL"
"Lake Mills , WI"
"Lake Oswego , OR"
"Lake Park, FL"
"Lake St. Louis , MO"
"Lake Station , IN"
"Lake Stevens , WA"
"Lake Villa, IL"
"Lake Wales , FL"
"Lake Worth , FL"
"Lake Worth , TX"
"Lake Zurich, IL"
"Lakeland , FL"
"Lakeland , TN"
"Lakemoor, IL"
"Lakeport , CA"
"Lakeville , MN"
"Lakeway , TX"
"Lakewood , CA"
"Lakewood , CO"
"Lakewood , OH"
"Lakewood , WA"
"Lamar , CO"
"Lamar , MO"
"Lamesa , TX"
"Lampasas , TX"
"Lancaster , CA"
"Lancaster , KY"
"Lancaster , OH"
"Lancaster , PA"
"Lancaster , SC"
"Lancaster , TX"
"Lancaster, NY"
"Lander , WY"
"Lanett , AL"
"Lansdale, PA"
"Lansdowne, PA"
"Lansing , KS"
"Lansing , MI"
"Lansing, IL"
"Lantana, FL"
"Lapeer , MI"
"Laramie , WY"
"Larchmont, NY"
"Laredo , TX"
"Largo , FL"
"Larkspur , CA"
"Larksville, PA"
"Las Cruces , NM"
"Las Vegas , NM"
"Las Vegas , NV"
"LaSalle , IL"
"Lathrop , CA"
"Latrobe , PA"
"Lauderdale Lakes , FL"
"Lauderdale-by-the-Sea, FL"
"Lauderhill , FL"
"Laurel , MD"
"Laurel , MS"
"Laurel , MT"
"Laurens , SC"
"Laurinburg , NC"
"Lawndale , CA"
"Lawrence , IN"
"Lawrence , KS"
"Lawrence , MA"
"Lawrence, NY"
"Lawrenceburg , IN"
"Lawrenceburg , KY"
"Lawrenceburg , TN"
"Lawrenceville , GA"
"Lawrenceville , IL"
"Lawton , OK"
"Layton , UT"
"Le Mars , IA"
"League City , TX"
"Leander , TX"
"Leavenworth , KS"
"Leawood , KS"
"Lebanon , IL"
"Lebanon , IN"
"Lebanon , KY"
"Lebanon , MO"
"Lebanon , NH"
"Lebanon , OH"
"Lebanon , OR"
"Lebanon , PA"
"Lebanon , TN"
"Lee's Summit , MO"
"Leeds , AL"
"Leesburg , FL"
"Leesburg, VA"
"Leesville , LA"
"Lehi , UT"
"Lehighton, PA"
"Leitchfield , KY"
"Leland , MS"
"Leland, NC"
"Lemon Grove , CA"
"Lemont, IL"
"Lemoore , CA"
"Lenexa , KS"
"Lenoir , NC"
"Lenoir City , TN"
"Leominster , MA"
"Leon Valley , TX"
"Leonia, NJ"
"Levelland , TX"
"Lewisburg , TN"
"Lewisburg, PA"
"Lewiston , ID"
"Lewiston , ME"
"Lewistown , MT"
"Lewistown, PA"
"Lewisville , TX"
"Lewisville, NC"
"Lexington , MO"
"Lexington , NC"
"Lexington , NE"
"Lexington , TN"
"Lexington , VA"
"Lexington, KY"
"Lexington, SC"
"Liberal , KS"
"Liberty , MO"
"Liberty , TX"
"Liberty Lake , WA"
"Libertyville, IL"
"Lighthouse Point , FL"
"Ligonier , IN"
"Lilburn , GA"
"Lima , OH"
"Lincoln , AL"
"Lincoln , CA"
"Lincoln , IL"
"Lincoln , NE"
"Lincoln City , OR"
"Lincoln Park , MI"
"Lincoln Park, NJ"
"Lincolnshire, IL"
"Lincolnton , NC"
"Lincolnwood, IL"
"Lindale, TX"
"Linden , NJ"
"Lindenhurst, IL"
"Lindenhurst, NY"
"Lindenwold, NJ"
"Lindon , UT"
"Lindsay , CA"
"Lino Lakes , MN"
"Linton , IN"
"Linwood , NJ"
"Lisle, IL"
"Litchfield , IL"
"Litchfield , MN"
"Litchfield Park , AZ"
"Lititz, PA"
"Little Canada , MN"
"Little Chute, WI"
"Little Elm , TX"
"Little Falls , MN"
"Little Falls , NY"
"Little Ferry, NJ"
"Little Rock , AR"
"Little Silver, NJ"
"Littlefield , TX"
"Littleton , CO"
"Live Oak , CA"
"Live Oak , FL"
"Live Oak , TX"
"Livermore , CA"
"Livingston , CA"
"Livingston , MT"
"Livingston, TX"
"Livonia , MI"
"Lochbuie, CO"
"Lock Haven , PA"
"Lockhart , TX"
"Lockport , IL"
"Lockport , NY"
"Locust Grove , GA"
"Lodi , CA"
"Lodi, NJ"
"Logan , OH"
"Logan , UT"
"Logansport , IN"
"Loganville , GA"
"Loma Linda , CA"
"Lombard, IL"
"Lomita , CA"
"Lompoc , CA"
"London , KY"
"London , OH"
"Lone Grove , OK"
"Lone Tree , CO"
"Long Beach , CA"
"Long Beach , MS"
"Long Beach , NY"
"Long Branch , NJ"
"Long Grove, IL"
"Long View, NC"
"Longboat Key, FL"
"Longmont , CO"
"Longview , TX"
"Longview , WA"
"Longwood , FL"
"Lonoke , AR"
"Loomis, CA"
"Lorain , OH"
"Los Alamitos , CA"
"Los Altos , CA"
"Los Altos Hills, CA"
"Los Angeles , CA"
"Los Banos , CA"
"Los Fresnos , TX"
"Los Gatos, CA"
"Los Lunas, NM"
"Los Ranchos de Albuquerque, NM"
"Loudon, TN"
"Louisville , CO"
"Louisville , MS"
"Louisville , OH"
"Louisville, KY"
"Loveland , CO"
"Loveland , OH"
"Loves Park , IL"
"Lovington , NM"
"Lowell , AR"
"Lowell , MA"
"Lowell, IN"
"Lower Burrell , PA"
"Lubbock , TX"
"Lucas , TX"
"Ludington , MI"
"Ludlow , KY"
"Lufkin , TX"
"Luling , TX"
"Lumberton , NC"
"Lumberton , TX"
"Luray, VA"
"Luverne , MN"
"Lynbrook, NY"
"Lynchburg , VA"
"Lynchburg, TN"
"Lynden , WA"
"Lyndhurst , OH"
"Lyndon , KY"
"Lynn , MA"
"Lynn Haven , FL"
"Lynnwood , WA"
"Lynwood , CA"
"Lynwood, IL"
"Lyons , GA"
"Lyons, IL"
"Macclenny , FL"
"Macedonia , OH"
"Machesney Park, IL"
"Macomb , IL"
"Macon , GA"
"Macon , MO"
"Madeira , OH"
"Madeira Beach , FL"
"Madera , CA"
"Madison , AL"
"Madison , IL"
"Madison , IN"
"Madison , MS"
"Madison , SD"
"Madison , WI"
"Madison Heights , MI"
"Madison, NJ"
"Madisonville , KY"
"Madisonville , TN"
"Madisonville , TX"
"Madras , OR"
"Magee , MS"
"Magnolia , AR"
"Magnolia, NJ"
"Mahanoy City, PA"
"Mahomet, IL"
"Mahtomedi , MN"
"Maitland , FL"
"Malden , MA"
"Malden , MO"
"Malibu , CA"
"Malone, NY"
"Malvern , AR"
"Malverne, NY"
"Mamaroneck, NY"
"Mammoth Lakes, CA"
"Manasquan, NJ"
"Manassas , VA"
"Manassas Park , VA"
"Manchester , IA"
"Manchester , MO"
"Manchester , NH"
"Manchester , TN"
"Mandan , ND"
"Mandeville , LA"
"Manhattan , KS"
"Manhattan Beach , CA"
"Manhattan, IL"
"Manheim, PA"
"Manistee , MI"
"Manitou Springs , CO"
"Manitowoc , WI"
"Mankato , MN"
"Manlius, NY"
"Manorhaven, NY"
"Mansfield , LA"
"Mansfield , OH"
"Mansfield , TX"
"Manteca , CA"
"Manteno, IL"
"Manvel , TX"
"Manville, NJ"
"Maple Grove , MN"
"Maple Heights , OH"
"Maple Valley , WA"
"Mapleton , UT"
"Maplewood , MN"
"Maplewood , MO"
"Maquoketa , IA"
"Marana, AZ"
"Marathon , FL"
"Marble Falls , TX"
"Marco Island , FL"
"Marengo , IL"
"Margate , FL"
"Margate City , NJ"
"Marianna , AR"
"Marianna , FL"
"Maricopa , AZ"
"Marietta , GA"
"Marietta , OH"
"Marina , CA"
"Marine City , MI"
"Marinette , WI"
"Marion , AR"
"Marion , IA"
"Marion , IL"
"Marion , IN"
"Marion , NC"
"Marion , OH"
"Marion , SC"
"Marion, VA"
"Markham , IL"
"Marksville , LA"
"Marlborough , MA"
"Marlin , TX"
"Marlow , OK"
"Marquette , MI"
"Marseilles , IL"
"Marshall , MI"
"Marshall , MN"
"Marshall , MO"
"Marshall , TX"
"Marshalltown , IA"
"Marshfield , MO"
"Marshfield , WI"
"Martin , TN"
"Martinez , CA"
"Martins Ferry , OH"
"Martinsburg , WV"
"Martinsville , IN"
"Martinsville , VA"
"Maryland Heights , MO"
"Marysville , CA"
"Marysville , MI"
"Marysville , OH"
"Marysville , WA"
"Maryville , MO"
"Maryville , TN"
"Maryville, IL"
"Mascotte , FL"
"Mascoutah , IL"
"Mason , MI"
"Mason , OH"
"Mason City , IA"
"Massapequa Park, NY"
"Massena, NY"
"Massillon , OH"
"Matawan, NJ"
"Mathis , TX"
"Matteson, IL"
"Matthews, NC"
"Mattoon , IL"
"Mauldin , SC"
"Maumee , OH"
"Maumelle , AR"
"Mauston , WI"
"Mayfield , KY"
"Mayfield Heights , OH"
"Maysville , KY"
"Mayville , WI"
"Maywood , CA"
"Maywood, IL"
"Maywood, NJ"
"McAlester , OK"
"McAllen , TX"
"McComb , MS"
"McCook , NE"
"McDonough , GA"
"McFarland , CA"
"McFarland, WI"
"McGregor , TX"
"McHenry , IL"
"McKees Rocks, PA"
"McKeesport , PA"
"McKenzie , TN"
"McKinney , TX"
"McLoud, OK"
"McMinnville , OR"
"McMinnville , TN"
"McPherson , KS"
"McRae , GA"
"Meadows Place , TX"
"Meadville , PA"
"Mebane , NC"
"Mechanicsburg, PA"
"Mechanicville , NY"
"Medford , MA"
"Medford , OR"
"Media, PA"
"Medical Lake , WA"
"Medina , MN"
"Medina , OH"
"Medina, NY"
"Melbourne , FL"
"Melrose , MA"
"Melrose Park, IL"
"Melvindale , MI"
"Memphis , TN"
"Mena , AR"
"Menasha , WI"
"Mendham, NJ"
"Mendota , CA"
"Mendota , IL"
"Mendota Heights , MN"
"Menlo Park , CA"
"Menominee , MI"
"Menomonee Falls, WI"
"Menomonie , WI"
"Mentor , OH"
"Mentor-on-the-Lake , OH"
"Mequon , WI"
"Merced , CA"
"Mercedes , TX"
"Mercer Island , WA"
"Meriden , CT"
"Meridian , ID"
"Meridian , MS"
"Merriam , KS"
"Merrill , WI"
"Merrillville, IN"
"Mesa , AZ"
"Mesquite , NV"
"Mesquite , TX"
"Methuen , MA"
"Metropolis , IL"
"Metter , GA"
"Metuchen, NJ"
"Mexia , TX"
"Mexico , MO"
"Miami , FL"
"Miami , OK"
"Miami Beach , FL"
"Miami Gardens , FL"
"Miami Lakes, FL"
"Miami Shores, FL"
"Miami Springs , FL"
"Miamisburg , OH"
"Michigan City , IN"
"Middleburg Heights , OH"
"Middlesborough , KY"
"Middlesex, NJ"
"Middleton , ID"
"Middleton , WI"
"Middletown , CT"
"Middletown , KY"
"Middletown , NY"
"Middletown , OH"
"Middletown, DE"
"Middletown, PA"
"Midfield , AL"
"Midland , MI"
"Midland , TX"
"Midland Park, NJ"
"Midlothian , TX"
"Midlothian, IL"
"Midvale , UT"
"Midway, NC"
"Midwest City , OK"
"Milan , MI"
"Milan , TN"
"Milan, IL"
"Miles City , MT"
"Milford , CT"
"Milford , DE"
"Milford , OH"
"Milford, MI"
"Mill Creek , WA"
"Mill Valley , CA"
"Millbrae , CA"
"Millbrook , AL"
"Milledgeville , GA"
"Millersville , TN"
"Millersville, PA"
"Milliken, CO"
"Millington , TN"
"Mills River, NC"
"Milltown, NJ"
"Millville , NJ"
"Milpitas , CA"
"Milton , FL"
"Milton , GA"
"Milton , WA"
"Milton , WI"
"Milton-Freewater , OR"
"Milton, PA"
"Milwaukee , WI"
"Milwaukie , OR"
"Minden , LA"
"Mineola , TX"
"Mineola, NY"
"Mineral Wells , TX"
"Minneapolis , MN"
"Minneola , FL"
"Minnetonka , MN"
"Minnetrista , MN"
"Minooka, IL"
"Minot , ND"
"Mint Hill, NC"
"Miramar , FL"
"Mishawaka , IN"
"Mission , KS"
"Mission , TX"
"Mission Viejo , CA"
"Missoula , MT"
"Missouri City , TX"
"Mitchell , IN"
"Mitchell , SD"
"Moab , UT"
"Moberly , MO"
"Mobile , AL"
"Mocksville, NC"
"Modesto , CA"
"Mokena, IL"
"Molalla , OR"
"Moline , IL"
"Monaca, PA"
"Monahans , TX"
"Moncks Corner, SC"
"Monee, IL"
"Monessen , PA"
"Monett , MO"
"Monmouth , IL"
"Monmouth , OR"
"Monona , WI"
"Monongahela , PA"
"Monroe , GA"
"Monroe , LA"
"Monroe , MI"
"Monroe , NC"
"Monroe , OH"
"Monroe , WA"
"Monroe , WI"
"Monroe, NY"
"Monroeville , AL"
"Monroeville, PA"
"Monrovia , CA"
"Montclair , CA"
"Montebello , CA"
"Monterey , CA"
"Monterey Park , CA"
"Montevallo , AL"
"Montevideo , MN"
"Montgomery , AL"
"Montgomery , OH"
"Montgomery, IL"
"Montgomery, NY"
"Monticello , AR"
"Monticello , IL"
"Monticello , IN"
"Monticello , KY"
"Monticello , MN"
"Monticello, NY"
"Montoursville, PA"
"Montpelier , VT"
"Montrose , CO"
"Montvale, NJ"
"Moody , AL"
"Moore , OK"
"Mooresville, IN"
"Mooresville, NC"
"Moorhead , MN"
"Moorpark , CA"
"Moosic, PA"
"Moraga, CA"
"Moraine , OH"
"Morehead , KY"
"Morehead City, NC"
"Moreno Valley , CA"
"Morgan City , LA"
"Morgan Hill , CA"
"Morgan's Point Resort , TX"
"Morganton , NC"
"Morgantown , WV"
"Morrilton , AR"
"Morris , IL"
"Morris , MN"
"Morris Plains, NJ"
"Morrison , IL"
"Morristown , TN"
"Morristown, NJ"
"Morrisville, NC"
"Morrisville, PA"
"Morro Bay , CA"
"Morrow , GA"
"Morton Grove, IL"
"Morton, IL"
"Moscow , ID"
"Moses Lake , WA"
"Moss Point , MS"
"Moultrie , GA"
"Mound , MN"
"Mounds View , MN"
"Moundsville , WV"
"Mount Airy , NC"
"Mount Airy, MD"
"Mount Arlington, NJ"
"Mount Carmel , IL"
"Mount Carmel, PA"
"Mount Carmel, TN"
"Mount Clemens , MI"
"Mount Dora , FL"
"Mount Ephraim, NJ"
"Mount Healthy , OH"
"Mount Holly , NC"
"Mount Horeb, WI"
"Mount Joy, PA"
"Mount Juliet , TN"
"Mount Kisco, NY"
"Mount Olive, NC"
"Mount Pleasant , IA"
"Mount Pleasant , MI"
"Mount Pleasant , TN"
"Mount Pleasant , TX"
"Mount Pleasant, PA"
"Mount Pleasant, SC"
"Mount Pleasant, WI"
"Mount Prospect, IL"
"Mount Rainier , MD"
"Mount Sterling , KY"
"Mount Vernon , IL"
"Mount Vernon , IN"
"Mount Vernon , MO"
"Mount Vernon , NY"
"Mount Vernon , OH"
"Mount Vernon , WA"
"Mount Washington , KY"
"Mount Zion, IL"
"Mountain Brook , AL"
"Mountain Grove , MO"
"Mountain Home , AR"
"Mountain Home , ID"
"Mountain View , CA"
"Mountainside, NJ"
"Mountlake Terrace , WA"
"Mukilteo , WA"
"Mukwonago, WI"
"Mullins , SC"
"Mulvane , KS"
"Muncie , IN"
"Mundelein, IL"
"Munford , TN"
"Munhall, PA"
"Munroe Falls , OH"
"Munster, IN"
"Murfreesboro , TN"
"Murphy , TX"
"Murphysboro , IL"
"Murray , KY"
"Murray , UT"
"Murrieta , CA"
"Murrysville, PA"
"Muscatine , IA"
"Muscle Shoals , AL"
"Muskego , WI"
"Muskegon , MI"
"Muskegon Heights , MI"
"Muskogee , OK"
"Mustang , OK"
"Myrtle Beach , SC"
"Nacogdoches , TX"
"Nampa , ID"
"Nanticoke , PA"
"Napa , CA"
"Naperville , IL"
"Naples , FL"
"Napoleon , OH"
"Nappanee , IN"
"Nashua , NH"
"Nashville , AR"
"Nashville , GA"
"Nashville, NC"
"Nashville, TN"
"Natchez , MS"
"Natchitoches , LA"
"National City , CA"
"Naugatuck, CT"
"Navasota , TX"
"Nazareth, PA"
"Nebraska City , NE"
"Nederland , TX"
"Needles , CA"
"Neenah , WI"
"Negaunee , MI"
"Nelsonville , OH"
"Neosho , MO"
"Nephi , UT"
"Neptune Beach , FL"
"Neptune City, NJ"
"Nevada , IA"
"Nevada , MO"
"New Albany , IN"
"New Albany , MS"
"New Albany, OH"
"New Baltimore , MI"
"New Bedford , MA"
"New Berlin , WI"
"New Bern , NC"
"New Boston , TX"
"New Braunfels , TX"
"New Brighton , MN"
"New Brighton, PA"
"New Britain , CT"
"New Brunswick , NJ"
"New Carlisle , OH"
"New Carrollton , MD"
"New Castle , DE"
"New Castle , IN"
"New Castle , PA"
"New Cumberland, PA"
"New Franklin , OH"
"New Haven , CT"
"New Haven , IN"
"New Haven, MI"
"New Hempstead, NY"
"New Holland, PA"
"New Hope , MN"
"New Hyde Park, NY"
"New Iberia , LA"
"New Kensington , PA"
"New Lenox, IL"
"New Lexington, OH"
"New London , CT"
"New London , WI"
"New Martinsville , WV"
"New Milford, NJ"
"New Orleans , LA"
"New Paltz, NY"
"New Philadelphia , OH"
"New Port Richey , FL"
"New Prague , MN"
"New Providence, NJ"
"New Richmond , WI"
"New Roads , LA"
"New Rochelle , NY"
"New Smyrna Beach , FL"
"New Square, NY"
"New Ulm , MN"
"New Whiteland, IN"
"New York , NY"
"Newark , CA"
"Newark , DE"
"Newark , NJ"
"Newark , OH"
"Newark, NY"
"Newberg , OR"
"Newberry , SC"
"Newburgh , NY"
"Newburyport , MA"
"Newcastle , OK"
"Newcastle , WA"
"Newman , CA"
"Newnan , GA"
"Newport , AR"
"Newport , KY"
"Newport , OR"
"Newport , RI"
"Newport , TN"
"Newport , VT"
"Newport Beach , CA"
"Newport News , VA"
"Newport, NC"
"Newton , IA"
"Newton , KS"
"Newton , MA"
"Newton , NC"
"Newton Falls , OH"
"Newton, NJ"
"Niagara Falls , NY"
"Nibley , UT"
"Niceville , FL"
"Nicholasville , KY"
"Niles , MI"
"Niles , OH"
"Niles, IL"
"Nitro , WV"
"Nixa , MO"
"Noble , OK"
"Noblesville , IN"
"Nogales , AZ"
"Norco , CA"
"Norcross , GA"
"Norfolk , NE"
"Norfolk , VA"
"Normal, IL"
"Norman , OK"
"Normandy , MO"
"Normandy Park , WA"
"Norridge, IL"
"Norristown, PA"
"North Adams , MA"
"North Arlington, NJ"
"North Augusta , SC"
"North Aurora, IL"
"North Bay Village , FL"
"North Bend , OR"
"North Bend , WA"
"North Braddock, PA"
"North Branch , MN"
"North Caldwell, NJ"
"North Canton , OH"
"North Charleston , SC"
"North Chicago , IL"
"North College Hill , OH"
"North Fond du Lac, WI"
"North Haledon, NJ"
"North Hills, NY"
"North Kansas City , MO"
"North Las Vegas , NV"
"North Lauderdale , FL"
"North Liberty , IA"
"North Little Rock , AR"
"North Logan , UT"
"North Manchester, IN"
"North Mankato , MN"
"North Miami , FL"
"North Miami Beach , FL"
"North Myrtle Beach , SC"
"North Oaks , MN"
"North Ogden , UT"
"North Olmsted , OH"
"North Palm Beach, FL"
"North Plainfield, NJ"
"North Platte , NE"
"North Port , FL"
"North Richland Hills , TX"
"North Ridgeville , OH"
"North Riverside, IL"
"North Royalton , OH"
"North Salt Lake , UT"
"North St. Paul , MN"
"North Syracuse, NY"
"North Tonawanda , NY"
"North Vernon , IN"
"North Wildwood , NJ"
"Northampton , MA"
"Northampton, PA"
"Northbrook, IL"
"Northfield , MN"
"Northfield , NJ"
"Northfield, IL"
"Northglenn , CO"
"Northlake , IL"
"Northport , AL"
"Northport, NY"
"Northvale, NJ"
"Northville , MI"
"Northwood , OH"
"Northwoods , MO"
"Norton , OH"
"Norton Shores , MI"
"Norwalk , CA"
"Norwalk , CT"
"Norwalk , IA"
"Norwalk , OH"
"Norwich , CT"
"Norwich , NY"
"Norwood , OH"
"Norwood, NJ"
"Norwood, PA"
"Novato , CA"
"Novi , MI"
"Nyack, NY"
"O'Fallon , IL"
"O'Fallon , MO"
"Oak Brook, IL"
"Oak Creek , WI"
"Oak Forest , IL"
"Oak Grove , KY"
"Oak Grove , MN"
"Oak Grove , MO"
"Oak Harbor , WA"
"Oak Hill , TN"
"Oak Hill , WV"
"Oak Island, NC"
"Oak Lawn, IL"
"Oak Park , MI"
"Oak Park Heights , MN"
"Oak Park, IL"
"Oak Ridge , TN"
"Oak Ridge, NC"
"Oakdale , CA"
"Oakdale , LA"
"Oakdale , MN"
"Oakland , CA"
"Oakland Park , FL"
"Oakland, NJ"
"Oakland, TN"
"Oakley , CA"
"Oakmont, PA"
"Oakwood , GA"
"Oakwood , OH"
"Oberlin , OH"
"Ocala , FL"
"Ocean City , NJ"
"Ocean City, MD"
"Ocean Shores , WA"
"Ocean Springs , MS"
"Oceanport, NJ"
"Oceanside , CA"
"Ocoee , FL"
"Oconomowoc , WI"
"Oconto , WI"
"Odessa , MO"
"Odessa , TX"
"Oelwein , IA"
"Ogallala , NE"
"Ogden , UT"
"Ogdensburg , NY"
"Oil City , PA"
"Ojai , CA"
"Okeechobee , FL"
"Oklahoma City , OK"
"Okmulgee , OK"
"Olathe , KS"
"Old Forge, PA"
"Old Tappan, NJ"
"Old Town , ME"
"Old Westbury, NY"
"Oldsmar , FL"
"Olean , NY"
"Olive Branch , MS"
"Olivette , MO"
"Olmsted Falls , OH"
"Olney , IL"
"Olympia , WA"
"Olympia Fields, IL"
"Olyphant, PA"
"Omaha , NE"
"Omak , WA"
"Onalaska , WI"
"Oneida , NY"
"Oneonta , AL"
"Oneonta , NY"
"Ontario , CA"
"Ontario , OH"
"Ontario , OR"
"Opa-locka , FL"
"Opelika , AL"
"Opelousas , LA"
"Opp , AL"
"Oradell, NJ"
"Orange , CA"
"Orange , TX"
"Orange Beach , AL"
"Orange City , FL"
"Orange City , IA"
"Orange Cove , CA"
"Orange Park, FL"
"Orange, VA"
"Orangeburg , SC"
"Oregon , OH"
"Oregon City , OR"
"Oregon, WI"
"Orem , UT"
"Orinda , CA"
"Orland , CA"
"Orland Hills, IL"
"Orland Park, IL"
"Orlando , FL"
"Ormond Beach , FL"
"Oro Valley, AZ"
"Orono , MN"
"Oroville , CA"
"Orrville , OH"
"Orting , WA"
"Osage Beach , MO"
"Osawatomie , KS"
"Osceola , AR"
"Osceola , IA"
"Oshkosh , WI"
"Oskaloosa , IA"
"Ossining, NY"
"Oswego , NY"
"Oswego, IL"
"Othello , WA"
"Otsego , MN"
"Ottawa , IL"
"Ottawa , KS"
"Ottawa Hills, OH"
"Ottawa, OH"
"Ottumwa , IA"
"Overland , MO"
"Overland Park , KS"
"Oviedo , FL"
"Owasso , OK"
"Owatonna , MN"
"Owensboro , KY"
"Owosso , MI"
"Oxford , AL"
"Oxford , MS"
"Oxford , NC"
"Oxford , OH"
"Oxford, PA"
"Oxnard , CA"
"Ozark , AL"
"Ozark , MO"
"Pacific , MO"
"Pacific , WA"
"Pacific Grove , CA"
"Pacifica , CA"
"Paducah , KY"
"Page , AZ"
"Pahokee , FL"
"Painesville , OH"
"Palacios , TX"
"Palatine, IL"
"Palatka , FL"
"Palestine , TX"
"Palisades Park, NJ"
"Palm Bay , FL"
"Palm Beach Gardens , FL"
"Palm Beach, FL"
"Palm Coast , FL"
"Palm Desert , CA"
"Palm Springs , CA"
"Palm Springs, FL"
"Palmdale , CA"
"Palmer , AK"
"Palmerton, PA"
"Palmetto , FL"
"Palmetto , GA"
"Palmetto Bay, FL"
"Palmhurst , TX"
"Palmview , TX"
"Palmyra, NJ"
"Palmyra, PA"
"Palo Alto , CA"
"Palos Heights , IL"
"Palos Hills , IL"
"Palos Park, IL"
"Palos Verdes Estates , CA"
"Pampa , TX"
"Pana , IL"
"Panama City , FL"
"Panama City Beach , FL"
"Paola , KS"
"Papillion , NE"
"Paradise Valley, AZ"
"Paradise, CA"
"Paragould , AR"
"Paramount , CA"
"Paramus, NJ"
"Paris , IL"
"Paris , KY"
"Paris , TN"
"Paris , TX"
"Park City , IL"
"Park City , KS"
"Park City , UT"
"Park Forest, IL"
"Park Hills , MO"
"Park Ridge , IL"
"Park Ridge, NJ"
"Parker , FL"
"Parker, CO"
"Parkersburg , WV"
"Parkland , FL"
"Parkville , MO"
"Parlier , CA"
"Parma , OH"
"Parma Heights , OH"
"Parsons , KS"
"Pasadena , CA"
"Pasadena , TX"
"Pascagoula , MS"
"Pasco , WA"
"Paso Robles, CA"
"Passaic , NJ"
"Pataskala , OH"
"Patchogue, NY"
"Paterson , NJ"
"Patterson , CA"
"Patterson , LA"
"Pauls Valley , OK"
"Paulsboro, NJ"
"Pawtucket , RI"
"Paxton , IL"
"Payette , ID"
"Payson , UT"
"Payson, AZ"
"Pea Ridge , AR"
"Peabody , MA"
"Peachtree City , GA"
"Pearl , MS"
"Pearland , TX"
"Pearsall , TX"
"Pecos , TX"
"Peculiar , MO"
"Peekskill , NY"
"Pekin , IL"
"Pelham , AL"
"Pelham Manor, NY"
"Pelham, NY"
"Pell City , AL"
"Pella , IA"
"Pembroke Park, FL"
"Pembroke Pines , FL"
"Pendleton , OR"
"Penn Yan, NY"
"Penns Grove, NJ"
"Pensacola , FL"
"Peoria , AZ"
"Peoria , IL"
"Peoria Heights, IL"
"Pepper Pike , OH"
"Perkasie, PA"
"Perris , CA"
"Perry , FL"
"Perry , GA"
"Perry , IA"
"Perry , OK"
"Perrysburg , OH"
"Perryton , TX"
"Perryville , MO"
"Perth Amboy , NJ"
"Peru , IL"
"Peru , IN"
"Petal , MS"
"Petaluma , CA"
"Petersburg , VA"
"Petoskey , MI"
"Pevely , MO"
"Pewaukee , WI"
"Pewaukee, WI"
"Pflugerville , TX"
"Pharr , TX"
"Phenix City , AL"
"Philadelphia , MS"
"Philadelphia , PA"
"Phillipsburg, NJ"
"Philomath , OR"
"Phoenix , AZ"
"Phoenix , OR"
"Phoenixville, PA"
"Picayune , MS"
"Pickerington , OH"
"Pico Rivera , CA"
"Piedmont , AL"
"Piedmont , CA"
"Piedmont , OK"
"Pierre , SD"
"Pigeon Forge , TN"
"Pikeville , KY"
"Pilot Point , TX"
"Pinckneyville , IL"
"Pine Bluff , AR"
"Pine Hill, NJ"
"Pinecrest, FL"
"Pinehurst, NC"
"Pinellas Park , FL"
"Pinetop-Lakeside, AZ"
"Pineville , LA"
"Pineville, NC"
"Pinole , CA"
"Pinson , AL"
"Piqua , OH"
"Pismo Beach , CA"
"Pitman, NJ"
"Pittsburg , CA"
"Pittsburg , KS"
"Pittsburg , TX"
"Pittsburgh , PA"
"Pittsfield , IL"
"Pittsfield , MA"
"Pittston , PA"
"Placentia , CA"
"Placerville , CA"
"Plain City , UT"
"Plainfield , NJ"
"Plainfield, IL"
"Plainfield, IN"
"Plainview , TX"
"Plano , IL"
"Plano , TX"
"Plant City , FL"
"Plantation , FL"
"Plaquemine , LA"
"Platte City , MO"
"Platteville , WI"
"Plattsburgh , NY"
"Plattsmouth , NE"
"Pleasant Garden, NC"
"Pleasant Grove , AL"
"Pleasant Grove , UT"
"Pleasant Hill , CA"
"Pleasant Hill , IA"
"Pleasant Hill , MO"
"Pleasant Hills, PA"
"Pleasant Prairie, WI"
"Pleasant View , UT"
"Pleasanton , CA"
"Pleasanton , TX"
"Pleasantville , NJ"
"Pleasantville, NY"
"Plover, WI"
"Plum, PA"
"Plymouth , IN"
"Plymouth , MI"
"Plymouth , MN"
"Plymouth , WI"
"Plymouth, PA"
"Pocahontas , AR"
"Pocatello , ID"
"Pocola, OK"
"Point Pleasant , WV"
"Point Pleasant Beach, NJ"
"Point Pleasant, NJ"
"Polson , MT"
"Pomona , CA"
"Pompano Beach , FL"
"Pompton Lakes, NJ"
"Ponca City , OK"
"Ponchatoula , LA"
"Pontiac , IL"
"Pontiac , MI"
"Pontoon Beach, IL"
"Pontotoc , MS"
"Pooler , GA"
"Poolesville, MD"
"Poplar Bluff , MO"
"Poquoson , VA"
"Port Allen , LA"
"Port Angeles , WA"
"Port Arthur , TX"
"Port Chester, NY"
"Port Clinton , OH"
"Port Hueneme , CA"
"Port Huron , MI"
"Port Isabel , TX"
"Port Jefferson, NY"
"Port Jervis , NY"
"Port Lavaca , TX"
"Port Neches , TX"
"Port Orange , FL"
"Port Orchard , WA"
"Port Royal, SC"
"Port St. Lucie , FL"
"Port Townsend , WA"
"Port Washington , WI"
"Port Wentworth , GA"
"Portage , IN"
"Portage , MI"
"Portage , WI"
"Portales , NM"
"Porter, IN"
"Porterville , CA"
"Portland , IN"
"Portland , ME"
"Portland , OR"
"Portland , TN"
"Portland , TX"
"Portola Valley, CA"
"Portsmouth , NH"
"Portsmouth , OH"
"Portsmouth , VA"
"Posen, IL"
"Post Falls , ID"
"Poteau , OK"
"Potsdam, NY"
"Pottstown, PA"
"Pottsville , PA"
"Poughkeepsie , NY"
"Poulsbo , WA"
"Poway , CA"
"Powder Springs , GA"
"Powell , OH"
"Powell , WY"
"Prairie du Chien , WI"
"Prairie View , TX"
"Prairie Village , KS"
"Pratt , KS"
"Prattville , AL"
"Prescott , AR"
"Prescott , AZ"
"Prescott Valley, AZ"
"Presidio , TX"
"Presque Isle , ME"
"Preston , ID"
"Price , UT"
"Prichard , AL"
"Princeton , IL"
"Princeton , IN"
"Princeton , KY"
"Princeton , MN"
"Princeton , TX"
"Princeton , WV"
"Princeton, NJ"
"Prineville , OR"
"Prior Lake , MN"
"Progreso , TX"
"Prospect , KY"
"Prospect Heights , IL"
"Prospect Park, NJ"
"Prospect Park, PA"
"Prosper, TX"
"Prosser , WA"
"Providence , RI"
"Providence , UT"
"Provo , UT"
"Pryor Creek , OK"
"Pueblo , CO"
"Pulaski , TN"
"Pulaski, VA"
"Pullman , WA"
"Punta Gorda , FL"
"Punxsutawney, PA"
"Purcell , OK"
"Purcellville, VA"
"Puyallup , WA"
"Quakertown, PA"
"Queen Creek, AZ"
"Quincy , FL"
"Quincy , IL"
"Quincy , MA"
"Quincy , WA"
"Quitman , GA"
"Racine , WI"
"Radcliff , KY"
"Radford , VA"
"Rahway , NJ"
"Rainbow City , AL"
"Rainsville , AL"
"Raleigh , NC"
"Ralston , NE"
"Ramsey , MN"
"Ramsey, NJ"
"Rancho Cordova , CA"
"Rancho Cucamonga , CA"
"Rancho Mirage , CA"
"Rancho Palos Verdes , CA"
"Rancho Santa Margarita , CA"
"Ranson corporation, WV"
"Rantoul, IL"
"Rapid City , SD"
"Raritan, NJ"
"Rathdrum , ID"
"Raton , NM"
"Ravenna , OH"
"Rawlins , WY"
"Raymondville , TX"
"Raymore , MO"
"Rayne , LA"
"Raytown , MO"
"Reading , OH"
"Reading , PA"
"Red Bank , TN"
"Red Bank, NJ"
"Red Bluff , CA"
"Red Lion, PA"
"Red Oak , IA"
"Red Oak , TX"
"Red Wing , MN"
"Redding , CA"
"Redlands , CA"
"Redmond , OR"
"Redmond , WA"
"Redondo Beach , CA"
"Redwood City , CA"
"Redwood Falls , MN"
"Reedley , CA"
"Reedsburg , WI"
"Reidsville , NC"
"Reno , NV"
"Rensselaer , IN"
"Rensselaer , NY"
"Renton , WA"
"Republic , MO"
"Revere , MA"
"Rexburg , ID"
"Reynoldsburg , OH"
"Rhinelander , WI"
"Rialto , CA"
"Rice Lake , WI"
"Richardson , TX"
"Richfield , MN"
"Richfield , UT"
"Richland , MS"
"Richland , WA"
"Richland Center , WI"
"Richland Hills , TX"
"Richmond , CA"
"Richmond , IN"
"Richmond , KY"
"Richmond , MI"
"Richmond , MO"
"Richmond , TX"
"Richmond , VA"
"Richmond Heights , MO"
"Richmond Heights , OH"
"Richmond Hill , GA"
"Richton Park, IL"
"Ridgecrest , CA"
"Ridgefield , WA"
"Ridgefield Park, NJ"
"Ridgefield, NJ"
"Ridgeland , MS"
"Ridgewood, NJ"
"Ridley Park, PA"
"Rifle , CO"
"Rincon, GA"
"Ringwood, NJ"
"Rio Bravo , TX"
"Rio Grande City , TX"
"Rio Rancho , NM"
"Rio Vista , CA"
"Ripley , MS"
"Ripley , TN"
"Ripon , CA"
"Ripon , WI"
"Rittman , OH"
"River Edge, NJ"
"River Falls , WI"
"River Forest, IL"
"River Grove, IL"
"River Oaks , TX"
"River Rouge , MI"
"Riverbank , CA"
"Riverdale , GA"
"Riverdale , UT"
"Riverdale Park, MD"
"Riverdale, IL"
"Riverside , CA"
"Riverside , OH"
"Riverside, IL"
"Riverton , UT"
"Riverton , WY"
"Riverview , MI"
"Riviera Beach , FL"
"Roanoke , AL"
"Roanoke , VA"
"Roanoke Rapids , NC"
"Robbins, IL"
"Robbinsdale , MN"
"Robertsdale , AL"
"Robinson , IL"
"Robinson , TX"
"Robstown , TX"
"Rochelle , IL"
"Rochester , IN"
"Rochester , MI"
"Rochester , MN"
"Rochester , NH"
"Rochester , NY"
"Rochester Hills , MI"
"Rock Falls , IL"
"Rock Hill , MO"
"Rock Hill , SC"
"Rock Island , IL"
"Rock Springs , WY"
"Rockaway, NJ"
"Rockdale , TX"
"Rockford , IL"
"Rockford , MI"
"Rockingham , NC"
"Rockland , ME"
"Rockledge , FL"
"Rocklin , CA"
"Rockmart , GA"
"Rockport , TX"
"Rockton, IL"
"Rockville , MD"
"Rockville Centre, NY"
"Rockwall , TX"
"Rockwood , TN"
"Rocky Mount , NC"
"Rocky Mount, VA"
"Rocky River , OH"
"Roeland Park , KS"
"Rogers , AR"
"Rogers , MN"
"Rogersville, TN"
"Rohnert Park , CA"
"Rolla , MO"
"Rolling Hills Estates , CA"
"Rolling Meadows , IL"
"Roma , TX"
"Rome , GA"
"Rome , NY"
"Romeoville, IL"
"Romulus , MI"
"Roosevelt , UT"
"Roscoe, IL"
"Roseburg , OR"
"Roseland, NJ"
"Roselle Park, NJ"
"Roselle, IL"
"Roselle, NJ"
"Rosemead , CA"
"Rosemount , MN"
"Rosenberg , TX"
"Roseville , CA"
"Roseville , MI"
"Roseville , MN"
"Rossford , OH"
"Roswell , GA"
"Roswell , NM"
"Rothschild, WI"
"Round Lake Beach, IL"
"Round Lake Park, IL"
"Round Lake, IL"
"Round Rock , TX"
"Rowlett , TX"
"Roxboro , NC"
"Roy , UT"
"Royal Oak , MI"
"Royal Palm Beach, FL"
"Royersford, PA"
"Royse City , TX"
"Ruidoso, NM"
"Rumson, NJ"
"Runnemede, NJ"
"Rupert , ID"
"Rushville , IN"
"Rusk , TX"
"Russellville , AL"
"Russellville , AR"
"Russellville , KY"
"Ruston , LA"
"Rutherford, NJ"
"Rutland , VT"
"Rye , NY"
"Rye Brook, NY"
"Sachse , TX"
"Saco , ME"
"Sacramento , CA"
"Safety Harbor , FL"
"Safford , AZ"
"Saginaw , MI"
"Saginaw , TX"
"Sahuarita, AZ"
"Salamanca , NY"
"Salem , IL"
"Salem , IN"
"Salem , MA"
"Salem , MO"
"Salem , NJ"
"Salem , OH"
"Salem , OR"
"Salem , UT"
"Salem , VA"
"Salida , CO"
"Salina , KS"
"Salinas , CA"
"Saline , MI"
"Salisbury , MD"
"Salisbury , NC"
"Sallisaw , OK"
"Salt Lake City , UT"
"Sammamish , WA"
"San Angelo , TX"
"San Anselmo, CA"
"San Antonio , TX"
"San Benito , TX"
"San Bernardino , CA"
"San Bruno , CA"
"San Carlos , CA"
"San Clemente , CA"
"San Diego , CA"
"San Diego , TX"
"San Dimas , CA"
"San Fernando , CA"
"San Francisco , CA"
"San Gabriel , CA"
"San Jacinto , CA"
"San Jose , CA"
"San Juan , TX"
"San Juan Capistrano , CA"
"San Leandro , CA"
"San Luis , AZ"
"San Luis Obispo , CA"
"San Marcos , CA"
"San Marcos , TX"
"San Marino , CA"
"San Mateo , CA"
"San Pablo , CA"
"San Rafael , CA"
"San Ramon , CA"
"Sand Springs , OK"
"Sandersville , GA"
"Sandpoint , ID"
"Sandusky , OH"
"Sandwich , IL"
"Sandy , OR"
"Sandy , UT"
"Sandy Springs , GA"
"Sanford , FL"
"Sanford , NC"
"Sanger , CA"
"Sanger , TX"
"Sanibel , FL"
"Santa Ana , CA"
"Santa Barbara , CA"
"Santa Clara , CA"
"Santa Clara , UT"
"Santa Clarita , CA"
"Santa Cruz , CA"
"Santa Fe , NM"
"Santa Fe , TX"
"Santa Fe Springs , CA"
"Santa Maria , CA"
"Santa Monica , CA"
"Santa Paula , CA"
"Santa Rosa , CA"
"Santaquin , UT"
"Santee , CA"
"Sapulpa , OK"
"Saraland , AL"
"Saranac Lake, NY"
"Sarasota , FL"
"Saratoga , CA"
"Saratoga Springs , NY"
"Saratoga Springs , UT"
"Sartell , MN"
"Satellite Beach , FL"
"Satsuma , AL"
"Sauk Rapids , MN"
"Sauk Village, IL"
"Sault Ste. Marie , MI"
"Sausalito , CA"
"Savage , MN"
"Savannah , GA"
"Savannah , MO"
"Savannah , TN"
"Savoy, IL"
"Sawmills, NC"
"Sayre , OK"
"Sayre, PA"
"Sayreville, NJ"
"Scappoose , OR"
"Scarsdale, NY"
"Schaumburg, IL"
"Schenectady , NY"
"Schererville, IN"
"Schertz , TX"
"Schiller Park, IL"
"Schuyler , NE"
"Schuylkill Haven, PA"
"Scotia, NY"
"Scott , LA"
"Scott City , MO"
"Scottdale, PA"
"Scotts Valley , CA"
"Scottsbluff , NE"
"Scottsboro , AL"
"Scottsburg , IN"
"Scottsdale , AZ"
"Scottsville , KY"
"Scranton , PA"
"Sea Cliff, NY"
"Seabrook , TX"
"Seaford , DE"
"Seagoville , TX"
"Seal Beach , CA"
"Sealy , TX"
"Searcy , AR"
"Seaside , CA"
"Seaside , OR"
"Seat Pleasant , MD"
"SeaTac , WA"
"Seattle , WA"
"Sebastian , FL"
"Sebastopol , CA"
"Sebring , FL"
"Sebring, OH"
"Secaucus, NJ"
"Sedalia , MO"
"Sedona , AZ"
"Sedro-Woolley , WA"
"Seguin , TX"
"Selah , WA"
"Selinsgrove, PA"
"Sellersburg, IN"
"Sellersville, PA"
"Selma , AL"
"Selma , CA"
"Selma , TX"
"Selma, NC"
"Selmer, TN"
"Seminole , FL"
"Seminole , OK"
"Seminole , TX"
"Senatobia , MS"
"Seneca , SC"
"Seneca Falls, NY"
"Sequim , WA"
"Seven Hills , OH"
"Sevierville , TN"
"Seward , NE"
"Seymour , IN"
"Shafter , CA"
"Shaker Heights , OH"
"Shakopee , MN"
"Shamokin , PA"
"Sharon , PA"
"Sharon Hill, PA"
"Sharonville , OH"
"Shasta Lake , CA"
"Shawano , WI"
"Shawnee , KS"
"Shawnee , OK"
"Sheboygan , WI"
"Sheboygan Falls , WI"
"Sheffield , AL"
"Sheffield Lake , OH"
"Shelby , NC"
"Shelby , OH"
"Shelbyville , IL"
"Shelbyville , IN"
"Shelbyville , KY"
"Shelbyville , TN"
"Sheldon , IA"
"Shelton , CT"
"Shelton , WA"
"Shenandoah , IA"
"Shenandoah, PA"
"Shepherdsville , KY"
"Sheridan , AR"
"Sheridan , CO"
"Sheridan , OR"
"Sheridan , WY"
"Sherman , TX"
"Sherwood , AR"
"Sherwood , OR"
"Shillington, PA"
"Shiloh, IL"
"Shippensburg, PA"
"Shively , KY"
"Shoreline , WA"
"Shoreview , MN"
"Shorewood , MN"
"Shorewood, IL"
"Shorewood, WI"
"Show Low , AZ"
"Shreveport , LA"
"Shrewsbury , MO"
"Sidney , MT"
"Sidney , NE"
"Sidney , OH"
"Sierra Madre , CA"
"Sierra Vista , AZ"
"Signal Hill , CA"
"Signal Mountain, TN"
"Sikeston , MO"
"Siler City, NC"
"Siloam Springs , AR"
"Silsbee , TX"
"Silver City, NM"
"Silverton , OH"
"Silverton , OR"
"Silvis , IL"
"Simi Valley , CA"
"Simpsonville , SC"
"Sinton , TX"
"Sioux Center , IA"
"Sioux City , IA"
"Sioux Falls , SD"
"Sitka  and, AK"
"Skiatook, OK"
"Skokie, IL"
"Slatington, PA"
"Slaton , TX"
"Sleepy Hollow, NY"
"Slidell , LA"
"Slinger, WI"
"Smithfield , UT"
"Smithfield, NC"
"Smithfield, VA"
"Smiths Station , AL"
"Smithville , MO"
"Smithville , TN"
"Smithville , TX"
"Smyrna , GA"
"Smyrna, DE"
"Smyrna, TN"
"Snellville , GA"
"Snohomish , WA"
"Snoqualmie , WA"
"Snowflake, AZ"
"Snyder , TX"
"Social Circle , GA"
"Socorro , NM"
"Socorro , TX"
"Soddy-Daisy , TN"
"Solana Beach , CA"
"Soldotna , AK"
"Soledad , CA"
"Solon , OH"
"Solvang , CA"
"Solvay, NY"
"Somerdale, NJ"
"Somers Point , NJ"
"Somerset , KY"
"Somerset, PA"
"Somersworth , NH"
"Somerton , AZ"
"Somerville , MA"
"Somerville, NJ"
"Sonoma , CA"
"Sonora , CA"
"Souderton, PA"
"South Amboy , NJ"
"South Barrington, IL"
"South Bay , FL"
"South Beloit , IL"
"South Bend , IN"
"South Boston, VA"
"South Bound Brook, NJ"
"South Burlington , VT"
"South Charleston , WV"
"South Daytona , FL"
"South El Monte , CA"
"South Elgin, IL"
"South Euclid , OH"
"South Gate , CA"
"South Haven , MI"
"South Hill, VA"
"South Holland, IL"
"South Houston , TX"
"South Jordan , UT"
"South Lake Tahoe , CA"
"South Lyon , MI"
"South Miami , FL"
"South Milwaukee , WI"
"South Ogden , UT"
"South Pasadena , CA"
"South Pasadena , FL"
"South Plainfield, NJ"
"South Portland , ME"
"South River, NJ"
"South Salt Lake , UT"
"South San Francisco , CA"
"South Sioux City , NE"
"South St. Paul , MN"
"South Tucson , AZ"
"South Weber , UT"
"South Williamsport, PA"
"Southampton, NY"
"Southaven , MS"
"Southern Pines, NC"
"Southfield , MI"
"Southgate , MI"
"Southlake , TX"
"Southside , AL"
"Southwest Ranches, FL"
"Spanish Fork , UT"
"Spanish Fort , AL"
"Sparks , NV"
"Sparta , IL"
"Sparta , TN"
"Sparta , WI"
"Spartanburg , SC"
"Spearfish , SD"
"Speedway, IN"
"Spencer , IA"
"Spirit Lake , IA"
"Spokane , WA"
"Spokane Valley , WA"
"Spotswood, NJ"
"Spring Grove, IL"
"Spring Hill , KS"
"Spring Hill , TN"
"Spring Lake Heights, NJ"
"Spring Lake Park , MN"
"Spring Lake, NC"
"Spring Valley , IL"
"Spring Valley, NY"
"Springboro , OH"
"Springdale , AR"
"Springdale , OH"
"Springfield , FL"
"Springfield , IL"
"Springfield , MA"
"Springfield , MI"
"Springfield , MO"
"Springfield , OH"
"Springfield , OR"
"Springfield , TN"
"Springhill , LA"
"Springville , UT"
"St. Albans , VT"
"St. Albans , WV"
"St. Ann , MO"
"St. Anthony , MN"
"St. Augustine , FL"
"St. Augustine Beach , FL"
"St. Bernard , OH"
"St. Charles , IL"
"St. Charles , MO"
"St. Clair , MI"
"St. Clair , MO"
"St. Clair Shores , MI"
"St. Clairsville , OH"
"St. Cloud , FL"
"St. Cloud , MN"
"St. Francis , MN"
"St. Francis , WI"
"St. Gabriel , LA"
"St. George , UT"
"St. Helena , CA"
"St. Helens , OR"
"St. John , MO"
"St. John, IN"
"St. Johns , MI"
"St. Joseph , MI"
"St. Joseph , MN"
"St. Joseph , MO"
"St. Louis , MI"
"St. Louis , MO"
"St. Louis Park , MN"
"St. Martinville , LA"
"St. Marys , GA"
"St. Marys , OH"
"St. Marys , PA"
"St. Matthews , KY"
"St. Michael , MN"
"St. Paul , MN"
"St. Paul Park , MN"
"St. Pete Beach , FL"
"St. Peter , MN"
"St. Peters , MO"
"St. Petersburg , FL"
"Stafford , TX"
"Stallings, NC"
"Stamford , CT"
"Stanton , CA"
"Stanwood , WA"
"Star , ID"
"Starke , FL"
"Starkville , MS"
"State College, PA"
"Statesboro , GA"
"Statesville , NC"
"Staunton , IL"
"Staunton , VA"
"Stayton , OR"
"Ste. Genevieve , MO"
"Steamboat Springs , CO"
"Steelton, PA"
"Steger, IL"
"Steilacoom, WA"
"Stephenville , TX"
"Sterling , CO"
"Sterling , IL"
"Sterling Heights , MI"
"Steubenville , OH"
"Stevens Point , WI"
"Stewartville , MN"
"Stickney, IL"
"Stillwater , MN"
"Stillwater , OK"
"Stockbridge , GA"
"Stockton , CA"
"Stone Mountain , GA"
"Stone Park, IL"
"Storm Lake , IA"
"Stoughton , WI"
"Stow , OH"
"Strasburg, VA"
"Stratford, NJ"
"Streamwood, IL"
"Streator , IL"
"Streetsboro , OH"
"Strongsville , OH"
"Stroudsburg, PA"
"Struthers , OH"
"Stuart , FL"
"Sturgeon Bay , WI"
"Sturgis , MI"
"Sturgis , SD"
"Sturtevant, WI"
"Stuttgart , AR"
"Suamico, WI"
"Suffern, NY"
"Suffolk , VA"
"Sugar Grove, IL"
"Sugar Hill , GA"
"Sugar Land , TX"
"Sugarcreek, PA"
"Suisun City , CA"
"Sullivan , IL"
"Sullivan , IN"
"Sullivan , MO"
"Sullivan City , TX"
"Sulphur , LA"
"Sulphur , OK"
"Sulphur Springs , TX"
"Summerfield, NC"
"Summerville , GA"
"Summerville, SC"
"Summit , NJ"
"Summit, IL"
"Sumner , WA"
"Sumter , SC"
"Sun Prairie , WI"
"Sunbury , PA"
"Sunland Park , NM"
"Sunny Isles Beach , FL"
"Sunnyside , WA"
"Sunnyvale , CA"
"Sunnyvale, TX"
"Sunrise , FL"
"Sunset , UT"
"Sunset Hills , MO"
"Superior , WI"
"Superior, CO"
"Surfside Beach, SC"
"Surfside, FL"
"Surprise , AZ"
"Susanville , CA"
"Sussex, WI"
"Sutherlin , OR"
"Suwanee , GA"
"Swainsboro , GA"
"Swansea, IL"
"Swarthmore, PA"
"Swartz Creek , MI"
"Sweet Home , OR"
"Sweetwater , FL"
"Sweetwater , TN"
"Sweetwater , TX"
"Swissvale, PA"
"Swoyersville, PA"
"Sycamore , IL"
"Sykesville, MD"
"Sylacauga , AL"
"Sylvania , OH"
"Sylvester , GA"
"Syracuse , NY"
"Syracuse , UT"
"Tacoma , WA"
"Taft , CA"
"Tahlequah , OK"
"Takoma Park , MD"
"Talent , OR"
"Talladega , AL"
"Tallahassee , FL"
"Tallassee , AL"
"Tallmadge , OH"
"Tallulah , LA"
"Tamaqua, PA"
"Tamarac , FL"
"Tampa , FL"
"Taneytown , MD"
"Taos, NM"
"Tarboro, NC"
"Tarentum, PA"
"Tarpon Springs , FL"
"Tarrant , AL"
"Tarrytown, NY"
"Taunton , MA"
"Tavares , FL"
"Taylor , MI"
"Taylor , TX"
"Taylor Mill , KY"
"Taylor, PA"
"Taylorsville , UT"
"Taylorville , IL"
"Teague , TX"
"Tecumseh , MI"
"Tecumseh , OK"
"Tega Cay , SC"
"Tehachapi , CA"
"Telford, PA"
"Tell City , IN"
"Temecula , CA"
"Tempe , AZ"
"Temple , GA"
"Temple , TX"
"Temple City , CA"
"Temple Terrace , FL"
"Tenafly, NJ"
"Tequesta, FL"
"Terre Haute , IN"
"Terrell , TX"
"Terrell Hills , TX"
"Texarkana , AR"
"Texarkana , TX"
"Texas City , TX"
"Thatcher, AZ"
"The Colony , TX"
"The Dalles , OR"
"The Village , OK"
"The Village of Indian Hill , OH"
"Thibodaux , LA"
"Thief River Falls , MN"
"Thomaston , GA"
"Thomasville , AL"
"Thomasville , GA"
"Thomasville , NC"
"Thomson , GA"
"Thornton , CO"
"Thousand Oaks , CA"
"Three Rivers , MI"
"Thurmont, MD"
"Tiburon, CA"
"Tiffin , OH"
"Tifton , GA"
"Tigard , OR"
"Tillamook , OR"
"Tinley Park, IL"
"Tinton Falls, NJ"
"Tipp City , OH"
"Tipton , IN"
"Titusville , FL"
"Titusville , PA"
"Toccoa , GA"
"Toledo , OH"
"Tolleson , AZ"
"Tomah , WI"
"Tomball , TX"
"Tonawanda , NY"
"Tonganoxie , KS"
"Tooele , UT"
"Topeka , KS"
"Toppenish , WA"
"Toronto , OH"
"Torrance , CA"
"Torrington , CT"
"Torrington , WY"
"Totowa, NJ"
"Town and Country , MO"
"Tracy , CA"
"Travelers Rest , SC"
"Traverse City , MI"
"Treasure Island , FL"
"Tremonton , UT"
"Trenton , MI"
"Trenton , MO"
"Trenton , NJ"
"Trenton , OH"
"Trenton , TN"
"Trinidad , CO"
"Trinity , NC"
"Trophy Club, TX"
"Trotwood , OH"
"Troutdale , OR"
"Troy , AL"
"Troy , IL"
"Troy , MI"
"Troy , MO"
"Troy , NY"
"Troy , OH"
"Truckee, CA"
"Trumann , AR"
"Trussville , AL"
"Truth or Consequences , NM"
"Tualatin , OR"
"Tuckahoe, NY"
"Tucson , AZ"
"Tucumcari , NM"
"Tukwila , WA"
"Tulare , CA"
"Tulia , TX"
"Tullahoma , TN"
"Tulsa , OK"
"Tumwater , WA"
"Tupelo , MS"
"Turlock , CA"
"Turtle Creek, PA"
"Tuscaloosa , AL"
"Tuscola , IL"
"Tuscumbia , AL"
"Tuskegee , AL"
"Tustin , CA"
"Tuttle , OK"
"Twentynine Palms , CA"
"Twin Falls , ID"
"Twin Lakes, WI"
"Twinsburg , OH"
"Two Rivers , WI"
"Tyler , TX"
"Tyrone, GA"
"Tyrone, PA"
"Uhrichsville , OH"
"Ukiah , CA"
"Ulysses , KS"
"Umatilla , OR"
"Union , MO"
"Union , OH"
"Union , SC"
"Union Beach, NJ"
"Union City , CA"
"Union City , GA"
"Union City , NJ"
"Union City , TN"
"Union Gap , WA"
"Union Grove, WI"
"Union Springs , AL"
"Uniontown , PA"
"Unionville, NC"
"Universal City , TX"
"University City , MO"
"University Heights , OH"
"University Park , TX"
"University Park, IL"
"University Place , WA"
"Upland , CA"
"Upper Arlington , OH"
"Upper Saddle River, NJ"
"Upper Sandusky , OH"
"Urbana , IL"
"Urbana , OH"
"Urbandale , IA"
"Utica , MI"
"Utica , NY"
"Uvalde , TX"
"Vacaville , CA"
"Vadnais Heights , MN"
"Vail, CO"
"Valdese, NC"
"Valdosta , GA"
"Vallejo , CA"
"Valley , AL"
"Valley Center , KS"
"Valley City , ND"
"Valley Park , MO"
"Valley Stream, NY"
"Valparaiso , FL"
"Valparaiso , IN"
"Van Buren , AR"
"Van Wert , OH"
"Vancouver , WA"
"Vandalia , IL"
"Vandalia , MO"
"Vandalia , OH"
"Vandergrift, PA"
"Venice , FL"
"Ventnor City , NJ"
"Ventura, CA"
"Vermilion , OH"
"Vermillion , SD"
"Vernal , UT"
"Vernon , TX"
"Vernon Hills, IL"
"Vero Beach , FL"
"Verona , WI"
"Versailles , KY"
"Vestavia Hills , AL"
"Vicksburg , MS"
"Victoria , MN"
"Victoria , TX"
"Victorville , CA"
"Vidalia , GA"
"Vidor , TX"
"Vienna , WV"
"Vienna, VA"
"Villa Hills , KY"
"Villa Park , CA"
"Villa Park, IL"
"Villa Rica , GA"
"Ville Platte , LA"
"Vincennes , IN"
"Vine Grove , KY"
"Vineland , NJ"
"Vinita , OK"
"Vinton , IA"
"Vinton, VA"
"Virginia , MN"
"Virginia Beach , VA"
"Viroqua , WI"
"Visalia , CA"
"Vista , CA"
"Wabash , IN"
"Waco , TX"
"Waconia , MN"
"Wadesboro, NC"
"Wadsworth , OH"
"Wagoner , OK"
"Wahpeton , ND"
"Waite Park , MN"
"Wake Forest, NC"
"Wake Village , TX"
"Walden, NY"
"Waldwick, NJ"
"Walker , MI"
"Walker, LA"
"Walkersville, MD"
"Walkertown, NC"
"Walla Walla , WA"
"Walled Lake , MI"
"Wallington, NJ"
"Walnut , CA"
"Walnut Creek , CA"
"Walnut Ridge , AR"
"Walterboro , SC"
"Waltham , MA"
"Wamego , KS"
"Wanaque, NJ"
"Wapakoneta , OH"
"Wapato , WA"
"Wappingers Falls, NY"
"Warner Robins , GA"
"Warr Acres , OK"
"Warren , AR"
"Warren , MI"
"Warren , OH"
"Warren , PA"
"Warrensburg , MO"
"Warrensville Heights , OH"
"Warrenton , MO"
"Warrenton , OR"
"Warrenton, VA"
"Warrenville , IL"
"Warsaw , IN"
"Warwick , RI"
"Warwick, NY"
"Wasco , CA"
"Waseca , MN"
"Washington , DC"
"Washington , IA"
"Washington , IL"
"Washington , IN"
"Washington , MO"
"Washington , NC"
"Washington , PA"
"Washington , UT"
"Washington Court House , OH"
"Washington Park, IL"
"Washington Terrace , UT"
"Washington, NJ"
"Washingtonville, NY"
"Washougal , WA"
"Wasilla , AK"
"Watauga , TX"
"Watchung, NJ"
"Waterbury , CT"
"Waterford , CA"
"Waterford, WI"
"Waterloo , IA"
"Waterloo , IL"
"Waterloo, NY"
"Watertown , MA"
"Watertown , NY"
"Watertown , SD"
"Watertown , WI"
"Waterville , ME"
"Waterville, OH"
"Watervliet , NY"
"Watonga , OK"
"Watseka , IL"
"Watsonville , CA"
"Wauchula , FL"
"Wauconda, IL"
"Waukee , IA"
"Waukegan , IL"
"Waukesha , WI"
"Waunakee, WI"
"Waupaca , WI"
"Waupun , WI"
"Wausau , WI"
"Wauseon , OH"
"Wauwatosa , WI"
"Waveland , MS"
"Waverly , IA"
"Waverly City , OH"
"Waverly, NY"
"Waxahachie , TX"
"Waycross , GA"
"Wayne , MI"
"Wayne , NE"
"Waynesboro , GA"
"Waynesboro , MS"
"Waynesboro , VA"
"Waynesboro, PA"
"Waynesville, NC"
"Weatherford , OK"
"Weatherford , TX"
"Webb City , MO"
"Webster , TX"
"Webster City , IA"
"Webster Groves , MO"
"Webster, NY"
"Weddington, NC"
"Weirton , WV"
"Weiser , ID"
"Weldon Spring , MO"
"Wellington , KS"
"Wellington, CO"
"Wellington, FL"
"Wellington, OH"
"Wellston , OH"
"Wellsville, NY"
"Wenatchee , WA"
"Wendell, NC"
"Wentzville , MO"
"Weslaco , TX"
"Wesley Hills, NY"
"West Allis , WI"
"West Bend , WI"
"West Bountiful , UT"
"West Carrollton City , OH"
"West Chester, PA"
"West Chicago , IL"
"West Columbia , SC"
"West Covina , CA"
"West Des Moines , IA"
"West Dundee, IL"
"West Fargo , ND"
"West Frankfort , IL"
"West Haven , CT"
"West Haven , UT"
"West Haverstraw, NY"
"West Hollywood , CA"
"West Jordan , UT"
"West Lafayette , IN"
"West Linn , OR"
"West Long Branch, NJ"
"West Melbourne , FL"
"West Memphis , AR"
"West Miami , FL"
"West Mifflin, PA"
"West Milton, OH"
"West Monroe , LA"
"West New York, NJ"
"West Palm Beach , FL"
"West Park , FL"
"West Paterson, NJ"
"West Peoria , IL"
"West Pittston, PA"
"West Plains , MO"
"West Point , MS"
"West Point , UT"
"West Richland , WA"
"West Sacramento , CA"
"West Salem, WI"
"West Springfield , MA"
"West St. Paul , MN"
"West University Place , TX"
"West Valley City , UT"
"West View, PA"
"West Wendover , NV"
"Westbrook , ME"
"Westbury, NY"
"Westchester, IL"
"Western Springs, IL"
"Westerville , OH"
"Westfield , MA"
"Westfield, IN"
"Westfield, NJ"
"Westlake , LA"
"Westlake , OH"
"Westlake Village , CA"
"Westland , MI"
"Westminster , CA"
"Westminster , CO"
"Westminster , MD"
"Westmont, IL"
"Westmont, PA"
"Weston , FL"
"Weston, WI"
"Westville, IN"
"Westville, NJ"
"Westwego , LA"
"Westwood, NJ"
"Wetumpka , AL"
"Wharton , TX"
"Wharton, NJ"
"Wheat Ridge , CO"
"Wheaton , IL"
"Wheeling , WV"
"Wheeling, IL"
"White Bear Lake , MN"
"White Hall , AR"
"White House , TN"
"White Oak , TX"
"White Oak, PA"
"White Plains , NY"
"White Settlement , TX"
"Whitefish , MT"
"Whitefish Bay, WI"
"Whitehall , OH"
"Whitehall, PA"
"Whitehouse , TX"
"Whiteland, IN"
"Whiteville , NC"
"Whiteville, TN"
"Whitewater , WI"
"Whiting , IN"
"Whittier , CA"
"Wichita , KS"
"Wichita Falls , TX"
"Wickenburg, AZ"
"Wickliffe , OH"
"Wiggins , MS"
"Wildwood , MO"
"Wildwood , NJ"
"Wilkes-Barre , PA"
"Wilkinsburg, PA"
"Willard , OH"
"Williams , CA"
"Williamsburg , KY"
"Williamsburg , VA"
"Williamsport , PA"
"Williamston, NC"
"Williamsville, NY"
"Williston , ND"
"Williston Park, NY"
"Willits , CA"
"Willmar , MN"
"Willoughby , OH"
"Willoughby Hills , OH"
"Willow Park , TX"
"Willow Springs, IL"
"Willowbrook, IL"
"Willowick , OH"
"Willows , CA"
"Wilmette, IL"
"Wilmington , DE"
"Wilmington , IL"
"Wilmington , NC"
"Wilmington , OH"
"Wilmore , KY"
"Wilson , NC"
"Wilson, PA"
"Wilsonville , OR"
"Wilton Manors , FL"
"Winchester , IN"
"Winchester , KY"
"Winchester , TN"
"Winchester , VA"
"Windcrest , TX"
"Winder , GA"
"Windsor Heights , IA"
"Windsor, CA"
"Windsor, CO"
"Winfield , AL"
"Winfield , KS"
"Winfield, IL"
"Winfield, IN"
"Winnemucca , NV"
"Winnetka, IL"
"Winnfield , LA"
"Winnsboro , LA"
"Winona , MN"
"Winona , MS"
"Winooski , VT"
"Winslow , AZ"
"Winston , OR"
"Winston-Salem , NC"
"Winter Garden , FL"
"Winter Haven , FL"
"Winter Park , FL"
"Winter Springs , FL"
"Winters , CA"
"Winterset , IA"
"Winterville, NC"
"Winthrop Harbor, IL"
"Wisconsin Rapids , WI"
"Wixom , MI"
"Woburn , MA"
"Wolverine Lake, MI"
"Wood Dale , IL"
"Wood River , IL"
"Wood-Ridge, NJ"
"Woodburn , OR"
"Woodbury , MN"
"Woodbury , NJ"
"Woodbury, NY"
"Woodcliff Lake, NJ"
"Woodfin, NC"
"Woodhaven , MI"
"Woodinville , WA"
"Woodlake , CA"
"Woodland , CA"
"Woodland , WA"
"Woodland Park , CO"
"Woodridge, IL"
"Woods Cross , UT"
"Woodside, CA"
"Woodstock , GA"
"Woodstock , IL"
"Woodward , OK"
"Woodway , TX"
"Woonsocket , RI"
"Wooster , OH"
"Worcester , MA"
"Worland , WY"
"Worth, IL"
"Worthington , MN"
"Worthington , OH"
"Wyandotte , MI"
"Wylie , TX"
"Wynne , AR"
"Wyoming , MI"
"Wyoming , OH"
"Wyomissing, PA"
"Wytheville, VA"
"Xenia , OH"
"Yakima , WA"
"Yankton , SD"
"Yazoo City , MS"
"Yeadon, PA"
"Yelm , WA"
"Yoakum , TX"
"Yonkers , NY"
"Yorba Linda , CA"
"York , NE"
"York , PA"
"York , SC"
"Yorktown, IN"
"Yorkville , IL"
"Youngstown , OH"
"Youngsville , LA"
"Youngtown, AZ"
"Ypsilanti , MI"
"Yreka , CA"
"Yuba City , CA"
"Yucaipa , CA"
"Yucca Valley, CA"
"Yukon , OK"
"Yuma , AZ"
"Zachary , LA"
"Zanesville , OH"
"Zebulon, NC"
"Zeeland , MI"
"Zephyrhills , FL"
"Zimmerman , MN"
"Zion , IL"
"Zionsville, IN"